{
 "type": "FeatureCollection",
 "name": "barrios_smt_2022",
 "crs": {
  "type": "name",
  "properties": {
   "name": "urn:ogc:def:crs:OGC:1.3:CRS84"
  }
 },
 "features": [
  {
   "type": "Feature",
   "properties": {
    "nombre": "1°  DE JULIO",
    "revisar": false
   },
   "geometry": {
    "type": "MultiPolygon",
    "coordinates": [
     [
      [
       [
        -65.2166,
        -26.787443
       ],
       [
        -65.216849,
        -26.788537
       ],
       [
        -65.216991,
        -26.789224
       ],
       [
        -65.217148,
        -26.789887
       ],
       [
        -65.217315,
        -26.790652
       ],
       [
        -65.216337,
        -26.790829
       ],
       [
        -65.21564,
        -26.791
       ],
       [
        -65.215641,
        -26.790911
       ],
       [
        -65.215643,
        -26.790793
       ],
       [
        -65.215665,
        -26.789479
       ],
       [
        -65.215217,
        -26.789481
       ],
       [
        -65.215617,
        -26.788807
       ],
       [
        -65.215753,
        -26.788579
       ],
       [
        -65.216081,
        -26.788025
       ],
       [
        -65.216207,
        -26.787814
       ],
       [
        -65.2166,
        -26.787443
       ]
      ]
     ]
    ]
   }
  },
  {
   "type": "Feature",
   "properties": {
    "nombre": "1°  DE MAYO (VICENTE HARO)",
    "revisar": false
   },
   "geometry": {
    "type": "MultiPolygon",
    "coordinates": [
     [
      [
       [
        -65.239046,
        -26.849594
       ],
       [
        -65.239046,
        -26.849594
       ],
       [
        -65.239046,
        -26.849594
       ],
       [
        -65.240039,
        -26.851707
       ],
       [
        -65.24024,
        -26.852133
       ],
       [
        -65.240115,
        -26.852373
       ],
       [
        -65.239581,
        -26.852519
       ],
       [
        -65.238046,
        -26.85281
       ],
       [
        -65.23776,
        -26.851566
       ],
       [
        -65.23768,
        -26.851242
       ],
       [
        -65.237545,
        -26.850695
       ],
       [
        -65.23736,
        -26.849945
       ],
       [
        -65.239046,
        -26.849594
       ]
      ]
     ]
    ]
   }
  },
  {
   "type": "Feature",
   "properties": {
    "nombre": "11 DE ENERO",
    "revisar": false
   },
   "geometry": {
    "type": "MultiPolygon",
    "coordinates": [
     [
      [
       [
        -65.251518,
        -26.795276
       ],
       [
        -65.2512,
        -26.794584
       ],
       [
        -65.251428,
        -26.794144
       ],
       [
        -65.251875,
        -26.793966
       ],
       [
        -65.254145,
        -26.793264
       ],
       [
        -65.254155,
        -26.793129
       ],
       [
        -65.253827,
        -26.791434
       ],
       [
        -65.254162,
        -26.791328
       ],
       [
        -65.255316,
        -26.792482
       ],
       [
        -65.256399,
        -26.791556
       ],
       [
        -65.25683,
        -26.791955
       ],
       [
        -65.257628,
        -26.794014
       ],
       [
        -65.256477,
        -26.794354
       ],
       [
        -65.256291,
        -26.793848
       ],
       [
        -65.251518,
        -26.795276
       ]
      ]
     ]
    ]
   }
  },
  {
   "type": "Feature",
   "properties": {
    "nombre": "11 DE FEBRERO",
    "revisar": true
   },
   "geometry": {
    "type": "MultiPolygon",
    "coordinates": [
     [
      [
       [
        -65.174001,
        -26.811794
       ],
       [
        -65.176327,
        -26.811347
       ],
       [
        -65.176937,
        -26.812358
       ],
       [
        -65.1718,
        -26.813304
       ],
       [
        -65.171464,
        -26.811919
       ],
       [
        -65.173668,
        -26.811522
       ],
       [
        -65.174001,
        -26.811794
       ]
      ]
     ]
    ]
   }
  },
  {
   "type": "Feature",
   "properties": {
    "nombre": "11 DE MARZO",
    "revisar": false
   },
   "geometry": {
    "type": "MultiPolygon",
    "coordinates": [
     [
      [
       [
        -65.232161,
        -26.853942
       ],
       [
        -65.234902,
        -26.853415
       ],
       [
        -65.236343,
        -26.853138
       ],
       [
        -65.238046,
        -26.85281
       ],
       [
        -65.239581,
        -26.852519
       ],
       [
        -65.239727,
        -26.853303
       ],
       [
        -65.239878,
        -26.853952
       ],
       [
        -65.239978,
        -26.854649
       ],
       [
        -65.240085,
        -26.855224
       ],
       [
        -65.240085,
        -26.855224
       ],
       [
        -65.236979,
        -26.855789
       ],
       [
        -65.235518,
        -26.856055
       ],
       [
        -65.234339,
        -26.856269
       ],
       [
        -65.232766,
        -26.856562
       ],
       [
        -65.231985,
        -26.856707
       ],
       [
        -65.230599,
        -26.856965
       ],
       [
        -65.229652,
        -26.857141
       ],
       [
        -65.228283,
        -26.857406
       ],
       [
        -65.22697,
        -26.857643
       ],
       [
        -65.226292,
        -26.857766
       ],
       [
        -65.227049,
        -26.858296
       ],
       [
        -65.225484,
        -26.858653
       ],
       [
        -65.225094,
        -26.858742
       ],
       [
        -65.224414,
        -26.858172
       ],
       [
        -65.223734,
        -26.857602
       ],
       [
        -65.22311,
        -26.856993
       ],
       [
        -65.222815,
        -26.856461
       ],
       [
        -65.222706,
        -26.856266
       ],
       [
        -65.22239,
        -26.855697
       ],
       [
        -65.22311,
        -26.85563
       ],
       [
        -65.22368,
        -26.855577
       ],
       [
        -65.225005,
        -26.855327
       ],
       [
        -65.226349,
        -26.855075
       ],
       [
        -65.227754,
        -26.854803
       ],
       [
        -65.229134,
        -26.854533
       ],
       [
        -65.230403,
        -26.854286
       ],
       [
        -65.232161,
        -26.853942
       ]
      ]
     ]
    ]
   }
  },
  {
   "type": "Feature",
   "properties": {
    "nombre": "16 DE JUNIO",
    "revisar": false
   },
   "geometry": {
    "type": "MultiPolygon",
    "coordinates": [
     [
      [
       [
        -65.21564,
        -26.791
       ],
       [
        -65.213956,
        -26.79135
       ],
       [
        -65.213887,
        -26.791064
       ],
       [
        -65.214368,
        -26.790637
       ],
       [
        -65.21471,
        -26.790334
       ],
       [
        -65.215217,
        -26.789481
       ],
       [
        -65.215665,
        -26.789479
       ],
       [
        -65.215645,
        -26.790666
       ],
       [
        -65.21564,
        -26.791
       ]
      ]
     ]
    ]
   }
  },
  {
   "type": "Feature",
   "properties": {
    "nombre": "17 DE AGOSTO",
    "revisar": false
   },
   "geometry": {
    "type": "MultiPolygon",
    "coordinates": [
     [
      [
       [
        -65.248268,
        -26.853144
       ],
       [
        -65.247229,
        -26.854058
       ],
       [
        -65.246758,
        -26.854473
       ],
       [
        -65.246171,
        -26.854566
       ],
       [
        -65.245686,
        -26.854643
       ],
       [
        -65.244215,
        -26.854875
       ],
       [
        -65.243862,
        -26.85493
       ],
       [
        -65.243361,
        -26.85501
       ],
       [
        -65.24304,
        -26.85506
       ],
       [
        -65.24297,
        -26.854726
       ],
       [
        -65.242909,
        -26.854434
       ],
       [
        -65.242843,
        -26.854117
       ],
       [
        -65.243752,
        -26.853972
       ],
       [
        -65.244829,
        -26.853772
       ],
       [
        -65.248268,
        -26.853144
       ]
      ]
     ]
    ]
   }
  },
  {
   "type": "Feature",
   "properties": {
    "nombre": "2 DE ABRIL",
    "revisar": false
   },
   "geometry": {
    "type": "MultiPolygon",
    "coordinates": [
     [
      [
       [
        -65.172983,
        -26.825193
       ],
       [
        -65.173055,
        -26.825176
       ],
       [
        -65.173576,
        -26.826267
       ],
       [
        -65.173773,
        -26.827077
       ],
       [
        -65.173232,
        -26.827185
       ],
       [
        -65.17273,
        -26.827286
       ],
       [
        -65.172028,
        -26.827426
       ],
       [
        -65.17141,
        -26.82755
       ],
       [
        -65.170845,
        -26.827663
       ],
       [
        -65.170754,
        -26.827381
       ],
       [
        -65.170639,
        -26.826988
       ],
       [
        -65.170464,
        -26.826453
       ],
       [
        -65.169862,
        -26.826049
       ],
       [
        -65.170081,
        -26.825968
       ],
       [
        -65.170348,
        -26.82587
       ],
       [
        -65.170917,
        -26.825705
       ],
       [
        -65.172258,
        -26.825365
       ],
       [
        -65.172555,
        -26.825293
       ],
       [
        -65.172746,
        -26.825248
       ],
       [
        -65.172983,
        -26.825193
       ]
      ]
     ]
    ]
   }
  },
  {
   "type": "Feature",
   "properties": {
    "nombre": "2 DE SETIEMBRE",
    "revisar": false
   },
   "geometry": {
    "type": "MultiPolygon",
    "coordinates": [
     [
      [
       [
        -65.266629,
        -26.830045
       ],
       [
        -65.266629,
        -26.830045
       ],
       [
        -65.264717,
        -26.830306
       ],
       [
        -65.264628,
        -26.829006
       ],
       [
        -65.264529,
        -26.828162
       ],
       [
        -65.264485,
        -26.827731
       ],
       [
        -65.265688,
        -26.827112
       ],
       [
        -65.26619,
        -26.82679
       ],
       [
        -65.266492,
        -26.8265
       ],
       [
        -65.266719,
        -26.826098
       ],
       [
        -65.266858,
        -26.825503
       ],
       [
        -65.266973,
        -26.82503
       ],
       [
        -65.26917,
        -26.829602
       ],
       [
        -65.266629,
        -26.830045
       ]
      ]
     ]
    ]
   }
  },
  {
   "type": "Feature",
   "properties": {
    "nombre": "20 DE JUNIO",
    "revisar": false
   },
   "geometry": {
    "type": "MultiPolygon",
    "coordinates": [
     [
      [
       [
        -65.198466,
        -26.847727
       ],
       [
        -65.197272,
        -26.849381
       ],
       [
        -65.196102,
        -26.851002
       ],
       [
        -65.194455,
        -26.853283
       ],
       [
        -65.194044,
        -26.853037
       ],
       [
        -65.194189,
        -26.852844
       ],
       [
        -65.194413,
        -26.849373
       ],
       [
        -65.194739,
        -26.84928
       ],
       [
        -65.197251,
        -26.848604
       ],
       [
        -65.19808,
        -26.847461
       ],
       [
        -65.198466,
        -26.847727
       ]
      ]
     ]
    ]
   }
  },
  {
   "type": "Feature",
   "properties": {
    "nombre": "23 DE FEBRERO",
    "revisar": false
   },
   "geometry": {
    "type": "MultiPolygon",
    "coordinates": [
     [
      [
       [
        -65.233065,
        -26.863977
       ],
       [
        -65.231246,
        -26.864375
       ],
       [
        -65.229962,
        -26.864649
       ],
       [
        -65.228641,
        -26.862337
       ],
       [
        -65.23168,
        -26.861856
       ],
       [
        -65.233065,
        -26.863977
       ]
      ]
     ]
    ]
   }
  },
  {
   "type": "Feature",
   "properties": {
    "nombre": "24 DE SETIEMBRE",
    "revisar": false
   },
   "geometry": {
    "type": "MultiPolygon",
    "coordinates": [
     [
      [
       [
        -65.244058,
        -26.837642
       ],
       [
        -65.242167,
        -26.837934
       ],
       [
        -65.24283,
        -26.842358
       ],
       [
        -65.237087,
        -26.843584
       ],
       [
        -65.236757,
        -26.843198
       ],
       [
        -65.235773,
        -26.843416
       ],
       [
        -65.234206,
        -26.837959
       ],
       [
        -65.236983,
        -26.837354
       ],
       [
        -65.237937,
        -26.837153
       ],
       [
        -65.238718,
        -26.836988
       ],
       [
        -65.238914,
        -26.837814
       ],
       [
        -65.243972,
        -26.836826
       ],
       [
        -65.244058,
        -26.837642
       ]
      ]
     ]
    ]
   }
  },
  {
   "type": "Feature",
   "properties": {
    "nombre": "260 VIVIENDAS",
    "revisar": false
   },
   "geometry": {
    "type": "MultiPolygon",
    "coordinates": [
     [
      [
       [
        -65.174783,
        -26.790774
       ],
       [
        -65.173192,
        -26.792769
       ],
       [
        -65.172416,
        -26.793234
       ],
       [
        -65.17234,
        -26.792737
       ],
       [
        -65.172176,
        -26.792184
       ],
       [
        -65.170988,
        -26.792586
       ],
       [
        -65.167164,
        -26.792912
       ],
       [
        -65.167631,
        -26.791075
       ],
       [
        -65.167867,
        -26.790839
       ],
       [
        -65.169111,
        -26.790044
       ],
       [
        -65.170072,
        -26.789912
       ],
       [
        -65.171538,
        -26.789918
       ],
       [
        -65.17343,
        -26.790318
       ],
       [
        -65.174783,
        -26.790774
       ]
      ]
     ]
    ]
   }
  },
  {
   "type": "Feature",
   "properties": {
    "nombre": "40 VIVIENDAS",
    "revisar": false
   },
   "geometry": {
    "type": "MultiPolygon",
    "coordinates": [
     [
      [
       [
        -65.249859,
        -26.801029
       ],
       [
        -65.24964,
        -26.800063
       ],
       [
        -65.252874,
        -26.799487
       ],
       [
        -65.253156,
        -26.799428
       ],
       [
        -65.252953,
        -26.799847
       ],
       [
        -65.253007,
        -26.800088
       ],
       [
        -65.251986,
        -26.800261
       ],
       [
        -65.25207,
        -26.800635
       ],
       [
        -65.249859,
        -26.801029
       ]
      ]
     ]
    ]
   }
  },
  {
   "type": "Feature",
   "properties": {
    "nombre": "72 VIVIENDAS IPVDU",
    "revisar": false
   },
   "geometry": {
    "type": "MultiPolygon",
    "coordinates": [
     [
      [
       [
        -65.254782,
        -26.84924
       ],
       [
        -65.25482,
        -26.849385
       ],
       [
        -65.254887,
        -26.849648
       ],
       [
        -65.25511,
        -26.850557
       ],
       [
        -65.253547,
        -26.850853
       ],
       [
        -65.25335,
        -26.850839
       ],
       [
        -65.253258,
        -26.850619
       ],
       [
        -65.25309,
        -26.8505
       ],
       [
        -65.252901,
        -26.850374
       ],
       [
        -65.252655,
        -26.850257
       ],
       [
        -65.252373,
        -26.850021
       ],
       [
        -65.252069,
        -26.849766
       ],
       [
        -65.254782,
        -26.84924
       ]
      ]
     ]
    ]
   }
  },
  {
   "type": "Feature",
   "properties": {
    "nombre": "76 VIVIENDAS (EX REFINOR)",
    "revisar": false
   },
   "geometry": {
    "type": "MultiPolygon",
    "coordinates": [
     [
      [
       [
        -65.218277,
        -26.848215
       ],
       [
        -65.219553,
        -26.847953
       ],
       [
        -65.2203,
        -26.847799
       ],
       [
        -65.220598,
        -26.849161
       ],
       [
        -65.218686,
        -26.849595
       ],
       [
        -65.217562,
        -26.84985
       ],
       [
        -65.217205,
        -26.848435
       ],
       [
        -65.218277,
        -26.848215
       ]
      ]
     ]
    ]
   }
  },
  {
   "type": "Feature",
   "properties": {
    "nombre": "8 DE MARZO-JUAN PABLO VI",
    "revisar": false
   },
   "geometry": {
    "type": "MultiPolygon",
    "coordinates": [
     [
      [
       [
        -65.17201,
        -26.814314
       ],
       [
        -65.175636,
        -26.813711
       ],
       [
        -65.17574,
        -26.814275
       ],
       [
        -65.175892,
        -26.815097
       ],
       [
        -65.172323,
        -26.815659
       ],
       [
        -65.17201,
        -26.814314
       ]
      ]
     ]
    ]
   }
  },
  {
   "type": "Feature",
   "properties": {
    "nombre": "80 VIVIENDAS",
    "revisar": false
   },
   "geometry": {
    "type": "MultiPolygon",
    "coordinates": [
     [
      [
       [
        -65.175584,
        -26.796087
       ],
       [
        -65.175904,
        -26.797365
       ],
       [
        -65.17451,
        -26.79768
       ],
       [
        -65.174237,
        -26.797726
       ],
       [
        -65.17358,
        -26.795248
       ],
       [
        -65.17419,
        -26.795112
       ],
       [
        -65.174491,
        -26.796339
       ],
       [
        -65.175584,
        -26.796087
       ]
      ]
     ]
    ]
   }
  },
  {
   "type": "Feature",
   "properties": {
    "nombre": "A.G.E.T.",
    "revisar": false
   },
   "geometry": {
    "type": "MultiPolygon",
    "coordinates": [
     [
      [
       [
        -65.246689,
        -26.796419
       ],
       [
        -65.245208,
        -26.796667
       ],
       [
        -65.245026,
        -26.795841
       ],
       [
        -65.244754,
        -26.794604
       ],
       [
        -65.247573,
        -26.794116
       ],
       [
        -65.247728,
        -26.794847
       ],
       [
        -65.246402,
        -26.79509
       ],
       [
        -65.246628,
        -26.796105
       ],
       [
        -65.246689,
        -26.796419
       ]
      ]
     ]
    ]
   }
  },
  {
   "type": "Feature",
   "properties": {
    "nombre": "A.T.E",
    "revisar": false
   },
   "geometry": {
    "type": "MultiPolygon",
    "coordinates": [
     [
      [
       [
        -65.257953,
        -26.845316
       ],
       [
        -65.258064,
        -26.845786
       ],
       [
        -65.258206,
        -26.84646
       ],
       [
        -65.25835,
        -26.847147
       ],
       [
        -65.258491,
        -26.847804
       ],
       [
        -65.258599,
        -26.8483
       ],
       [
        -65.25863,
        -26.848444
       ],
       [
        -65.257913,
        -26.848592
       ],
       [
        -65.257592,
        -26.848666
       ],
       [
        -65.256198,
        -26.848928
       ],
       [
        -65.255063,
        -26.849181
       ],
       [
        -65.254783,
        -26.849238
       ],
       [
        -65.252069,
        -26.849766
       ],
       [
        -65.250825,
        -26.849919
       ],
       [
        -65.252306,
        -26.846257
       ],
       [
        -65.257953,
        -26.845316
       ]
      ]
     ]
    ]
   }
  },
  {
   "type": "Feature",
   "properties": {
    "nombre": "A.T.E.P.",
    "revisar": false
   },
   "geometry": {
    "type": "MultiPolygon",
    "coordinates": [
     [
      [
       [
        -65.200407,
        -26.80039
       ],
       [
        -65.200643,
        -26.800341
       ],
       [
        -65.202092,
        -26.800272
       ],
       [
        -65.202731,
        -26.802769
       ],
       [
        -65.200954,
        -26.803163
       ],
       [
        -65.200407,
        -26.80039
       ]
      ]
     ]
    ]
   }
  },
  {
   "type": "Feature",
   "properties": {
    "nombre": "ACONQUIJA",
    "revisar": false
   },
   "geometry": {
    "type": "MultiPolygon",
    "coordinates": [
     [
      [
       [
        -65.250039,
        -26.817018
       ],
       [
        -65.252863,
        -26.816477
       ],
       [
        -65.253761,
        -26.820432
       ],
       [
        -65.251234,
        -26.820926
       ],
       [
        -65.250978,
        -26.820959
       ],
       [
        -65.250796,
        -26.820247
       ],
       [
        -65.250563,
        -26.819493
       ],
       [
        -65.250039,
        -26.817018
       ]
      ]
     ]
    ]
   }
  },
  {
   "type": "Feature",
   "properties": {
    "nombre": "AEROPUERTO",
    "revisar": false
   },
   "geometry": {
    "type": "MultiPolygon",
    "coordinates": [
     [
      [
       [
        -65.197047,
        -26.843087
       ],
       [
        -65.196938,
        -26.842631
       ],
       [
        -65.196025,
        -26.838808
       ],
       [
        -65.198494,
        -26.838136
       ],
       [
        -65.200093,
        -26.84468
       ],
       [
        -65.200577,
        -26.844583
       ],
       [
        -65.200649,
        -26.845001
       ],
       [
        -65.199561,
        -26.845252
       ],
       [
        -65.197696,
        -26.845802
       ],
       [
        -65.197047,
        -26.843087
       ]
      ]
     ]
    ]
   }
  },
  {
   "type": "Feature",
   "properties": {
    "nombre": "AGEF I y II",
    "revisar": false
   },
   "geometry": {
    "type": "MultiPolygon",
    "coordinates": [
     [
      [
       [
        -65.16942,
        -26.822054
       ],
       [
        -65.169499,
        -26.823404
       ],
       [
        -65.166827,
        -26.823507
       ],
       [
        -65.166149,
        -26.822114
       ],
       [
        -65.165839,
        -26.821478
       ],
       [
        -65.16555,
        -26.820839
       ],
       [
        -65.165489,
        -26.820334
       ],
       [
        -65.168239,
        -26.819811
       ],
       [
        -65.16916,
        -26.821561
       ],
       [
        -65.16942,
        -26.822054
       ]
      ]
     ]
    ]
   }
  },
  {
   "type": "Feature",
   "properties": {
    "nombre": "AGRIMENSORES",
    "revisar": false
   },
   "geometry": {
    "type": "MultiPolygon",
    "coordinates": [
     [
      [
       [
        -65.259599,
        -26.814238
       ],
       [
        -65.259441,
        -26.812624
       ],
       [
        -65.260858,
        -26.812426
       ],
       [
        -65.261105,
        -26.813992
       ],
       [
        -65.259599,
        -26.814238
       ]
      ]
     ]
    ]
   }
  },
  {
   "type": "Feature",
   "properties": {
    "nombre": "AGUA Y ENERGIA",
    "revisar": false
   },
   "geometry": {
    "type": "MultiPolygon",
    "coordinates": [
     [
      [
       [
        -65.249777,
        -26.815867
       ],
       [
        -65.249499,
        -26.814602
       ],
       [
        -65.250912,
        -26.814357
       ],
       [
        -65.25228,
        -26.813956
       ],
       [
        -65.252647,
        -26.815393
       ],
       [
        -65.249777,
        -26.815867
       ]
      ]
     ]
    ]
   }
  },
  {
   "type": "Feature",
   "properties": {
    "nombre": "AGUAS CORRIENTES",
    "revisar": false
   },
   "geometry": {
    "type": "MultiPolygon",
    "coordinates": [
     [
      [
       [
        -65.2235,
        -26.793265
       ],
       [
        -65.222449,
        -26.789529
       ],
       [
        -65.226157,
        -26.788826
       ],
       [
        -65.228127,
        -26.788463
       ],
       [
        -65.232696,
        -26.787615
       ],
       [
        -65.232664,
        -26.787701
       ],
       [
        -65.232925,
        -26.788614
       ],
       [
        -65.233024,
        -26.788938
       ],
       [
        -65.23317,
        -26.78944
       ],
       [
        -65.233171,
        -26.789424
       ],
       [
        -65.230328,
        -26.79021
       ],
       [
        -65.230391,
        -26.790607
       ],
       [
        -65.233348,
        -26.790175
       ],
       [
        -65.233633,
        -26.79139
       ],
       [
        -65.229009,
        -26.792246
       ],
       [
        -65.225064,
        -26.792959
       ],
       [
        -65.2235,
        -26.793265
       ]
      ]
     ]
    ]
   }
  },
  {
   "type": "Feature",
   "properties": {
    "nombre": "ALBERDI",
    "revisar": false
   },
   "geometry": {
    "type": "MultiPolygon",
    "coordinates": [
     [
      [
       [
        -65.190995,
        -26.852546
       ],
       [
        -65.190955,
        -26.853462
       ],
       [
        -65.190872,
        -26.855348
       ],
       [
        -65.190843,
        -26.856009
       ],
       [
        -65.190586,
        -26.856061
       ],
       [
        -65.188322,
        -26.856532
       ],
       [
        -65.187789,
        -26.855201
       ],
       [
        -65.187224,
        -26.855235
       ],
       [
        -65.186412,
        -26.854143
       ],
       [
        -65.186412,
        -26.854143
       ],
       [
        -65.185124,
        -26.852411
       ],
       [
        -65.18536,
        -26.852328
       ],
       [
        -65.185651,
        -26.852236
       ],
       [
        -65.185834,
        -26.852161
       ],
       [
        -65.186221,
        -26.852025
       ],
       [
        -65.186586,
        -26.851896
       ],
       [
        -65.187251,
        -26.851662
       ],
       [
        -65.191082,
        -26.850569
       ],
       [
        -65.19106,
        -26.851066
       ],
       [
        -65.190995,
        -26.852546
       ]
      ]
     ]
    ]
   }
  },
  {
   "type": "Feature",
   "properties": {
    "nombre": "ALBERDI NORTE",
    "revisar": false
   },
   "geometry": {
    "type": "MultiPolygon",
    "coordinates": [
     [
      [
       [
        -65.224328,
        -26.796269
       ],
       [
        -65.224328,
        -26.796269
       ],
       [
        -65.224513,
        -26.796939
       ],
       [
        -65.224706,
        -26.797637
       ],
       [
        -65.224923,
        -26.798424
       ],
       [
        -65.224968,
        -26.798515
       ],
       [
        -65.219191,
        -26.799673
       ],
       [
        -65.218392,
        -26.799806
       ],
       [
        -65.218166,
        -26.799833
       ],
       [
        -65.219003,
        -26.798761
       ],
       [
        -65.219382,
        -26.798296
       ],
       [
        -65.220156,
        -26.797303
       ],
       [
        -65.220609,
        -26.796831
       ],
       [
        -65.22064,
        -26.796739
       ],
       [
        -65.222585,
        -26.794323
       ],
       [
        -65.223472,
        -26.793166
       ],
       [
        -65.2235,
        -26.793265
       ],
       [
        -65.2235,
        -26.793265
       ],
       [
        -65.2235,
        -26.793265
       ],
       [
        -65.223734,
        -26.794105
       ],
       [
        -65.223844,
        -26.794496
       ],
       [
        -65.223984,
        -26.794989
       ],
       [
        -65.224153,
        -26.795634
       ],
       [
        -65.224328,
        -26.796269
       ]
      ]
     ]
    ]
   }
  },
  {
   "type": "Feature",
   "properties": {
    "nombre": "ALEJANDRO HEREDIA",
    "revisar": false
   },
   "geometry": {
    "type": "MultiPolygon",
    "coordinates": [
     [
      [
       [
        -65.204875,
        -26.86941
       ],
       [
        -65.206974,
        -26.869025
       ],
       [
        -65.208279,
        -26.868786
       ],
       [
        -65.210832,
        -26.868318
       ],
       [
        -65.210941,
        -26.868485
       ],
       [
        -65.212759,
        -26.871257
       ],
       [
        -65.213247,
        -26.871991
       ],
       [
        -65.214197,
        -26.873431
       ],
       [
        -65.212295,
        -26.87387
       ],
       [
        -65.208842,
        -26.874617
       ],
       [
        -65.206451,
        -26.875163
       ],
       [
        -65.205653,
        -26.87398
       ],
       [
        -65.204832,
        -26.872851
       ],
       [
        -65.203564,
        -26.871271
       ],
       [
        -65.202269,
        -26.869856
       ],
       [
        -65.204875,
        -26.86941
       ]
      ]
     ]
    ]
   }
  },
  {
   "type": "Feature",
   "properties": {
    "nombre": "ALPEROVICH I",
    "revisar": false
   },
   "geometry": {
    "type": "MultiPolygon",
    "coordinates": [
     [
      [
       [
        -65.244234,
        -26.825459
       ],
       [
        -65.243972,
        -26.824445
       ],
       [
        -65.244637,
        -26.824306
       ],
       [
        -65.244364,
        -26.823423
       ],
       [
        -65.245242,
        -26.82325
       ],
       [
        -65.245761,
        -26.825146
       ],
       [
        -65.244234,
        -26.825459
       ]
      ]
     ]
    ]
   }
  },
  {
   "type": "Feature",
   "properties": {
    "nombre": "ALPEROVICH II",
    "revisar": false
   },
   "geometry": {
    "type": "MultiPolygon",
    "coordinates": [
     [
      [
       [
        -65.264089,
        -26.816081
       ],
       [
        -65.263977,
        -26.816106
       ],
       [
        -65.261517,
        -26.816579
       ],
       [
        -65.261105,
        -26.813992
       ],
       [
        -65.260858,
        -26.812426
       ],
       [
        -65.259441,
        -26.812624
       ],
       [
        -65.259405,
        -26.812254
       ],
       [
        -65.263013,
        -26.811592
       ],
       [
        -65.264089,
        -26.816081
       ]
      ]
     ]
    ]
   }
  },
  {
   "type": "Feature",
   "properties": {
    "nombre": "ALTO LA POLVORA",
    "revisar": false
   },
   "geometry": {
    "type": "MultiPolygon",
    "coordinates": [
     [
      [
       [
        -65.180444,
        -26.80145
       ],
       [
        -65.187,
        -26.800034
       ],
       [
        -65.189239,
        -26.799546
       ],
       [
        -65.189269,
        -26.799666
       ],
       [
        -65.189406,
        -26.800232
       ],
       [
        -65.18955,
        -26.80082
       ],
       [
        -65.189765,
        -26.801715
       ],
       [
        -65.189915,
        -26.802342
       ],
       [
        -65.18974,
        -26.802382
       ],
       [
        -65.188584,
        -26.802612
       ],
       [
        -65.186828,
        -26.802969
       ],
       [
        -65.185471,
        -26.803245
       ],
       [
        -65.184841,
        -26.803373
       ],
       [
        -65.184267,
        -26.80349
       ],
       [
        -65.183745,
        -26.803597
       ],
       [
        -65.1832,
        -26.803716
       ],
       [
        -65.182657,
        -26.803837
       ],
       [
        -65.182176,
        -26.803943
       ],
       [
        -65.181677,
        -26.804054
       ],
       [
        -65.181273,
        -26.804143
       ],
       [
        -65.18084,
        -26.802731
       ],
       [
        -65.18065,
        -26.802114
       ],
       [
        -65.180445,
        -26.801451
       ],
       [
        -65.180444,
        -26.80145
       ]
      ]
     ]
    ]
   }
  },
  {
   "type": "Feature",
   "properties": {
    "nombre": "ALTOS DE AMERICA (SOCIEDAD MEJAIL SACIFIA Y M)",
    "revisar": false
   },
   "geometry": {
    "type": "MultiPolygon",
    "coordinates": [
     [
      [
       [
        -65.244241,
        -26.792194
       ],
       [
        -65.244023,
        -26.791177
       ],
       [
        -65.243736,
        -26.789837
       ],
       [
        -65.244287,
        -26.789733
       ],
       [
        -65.246936,
        -26.791742
       ],
       [
        -65.244241,
        -26.792194
       ]
      ]
     ]
    ]
   }
  },
  {
   "type": "Feature",
   "properties": {
    "nombre": "ALVAREZ CONDARCO (CHAÑARITOS)",
    "revisar": false
   },
   "geometry": {
    "type": "MultiPolygon",
    "coordinates": [
     [
      [
       [
        -65.227049,
        -26.858296
       ],
       [
        -65.227862,
        -26.858866
       ],
       [
        -65.22859,
        -26.859398
       ],
       [
        -65.228815,
        -26.859556
       ],
       [
        -65.228853,
        -26.859583
       ],
       [
        -65.229429,
        -26.859989
       ],
       [
        -65.230541,
        -26.860729
       ],
       [
        -65.231428,
        -26.86149
       ],
       [
        -65.231553,
        -26.861667
       ],
       [
        -65.23168,
        -26.861852
       ],
       [
        -65.231539,
        -26.861877
       ],
       [
        -65.228641,
        -26.862337
       ],
       [
        -65.228278,
        -26.861731
       ],
       [
        -65.228046,
        -26.86144
       ],
       [
        -65.22773,
        -26.861073
       ],
       [
        -65.227213,
        -26.860537
       ],
       [
        -65.226587,
        -26.860007
       ],
       [
        -65.225971,
        -26.859485
       ],
       [
        -65.225094,
        -26.858742
       ],
       [
        -65.227049,
        -26.858296
       ]
      ]
     ]
    ]
   }
  },
  {
   "type": "Feature",
   "properties": {
    "nombre": "AMERICA",
    "revisar": false
   },
   "geometry": {
    "type": "MultiPolygon",
    "coordinates": [
     [
      [
       [
        -65.205894,
        -26.796007
       ],
       [
        -65.208836,
        -26.795379
       ],
       [
        -65.208937,
        -26.795358
       ],
       [
        -65.209234,
        -26.796762
       ],
       [
        -65.20723,
        -26.797149
       ],
       [
        -65.206193,
        -26.797349
       ],
       [
        -65.206045,
        -26.796686
       ],
       [
        -65.205894,
        -26.796007
       ]
      ]
     ]
    ]
   }
  },
  {
   "type": "Feature",
   "properties": {
    "nombre": "AMPLIACION 17 DE AGOSTO",
    "revisar": false
   },
   "geometry": {
    "type": "MultiPolygon",
    "coordinates": [
     [
      [
       [
        -65.242599,
        -26.855164
       ],
       [
        -65.242299,
        -26.855235
       ],
       [
        -65.241757,
        -26.855364
       ],
       [
        -65.24152,
        -26.854367
       ],
       [
        -65.242843,
        -26.854117
       ],
       [
        -65.242909,
        -26.854434
       ],
       [
        -65.24297,
        -26.854726
       ],
       [
        -65.24304,
        -26.85506
       ],
       [
        -65.242844,
        -26.855107
       ],
       [
        -65.242599,
        -26.855164
       ]
      ]
     ]
    ]
   }
  },
  {
   "type": "Feature",
   "properties": {
    "nombre": "AMPLIACION 20 DE JUNIO",
    "revisar": false
   },
   "geometry": {
    "type": "MultiPolygon",
    "coordinates": [
     [
      [
       [
        -65.194405,
        -26.846796
       ],
       [
        -65.194476,
        -26.847321
       ],
       [
        -65.194515,
        -26.847618
       ],
       [
        -65.194556,
        -26.847916
       ],
       [
        -65.194739,
        -26.84928
       ],
       [
        -65.194413,
        -26.849373
       ],
       [
        -65.194365,
        -26.850129
       ],
       [
        -65.19427,
        -26.85159
       ],
       [
        -65.194219,
        -26.852379
       ],
       [
        -65.194198,
        -26.852841
       ],
       [
        -65.194044,
        -26.853037
       ],
       [
        -65.194455,
        -26.853283
       ],
       [
        -65.19343,
        -26.854702
       ],
       [
        -65.192844,
        -26.855514
       ],
       [
        -65.192395,
        -26.855654
       ],
       [
        -65.191789,
        -26.855766
       ],
       [
        -65.191713,
        -26.855056
       ],
       [
        -65.192182,
        -26.854389
       ],
       [
        -65.192428,
        -26.853745
       ],
       [
        -65.192477,
        -26.852507
       ],
       [
        -65.192515,
        -26.851564
       ],
       [
        -65.192543,
        -26.85087
       ],
       [
        -65.192572,
        -26.850145
       ],
       [
        -65.192587,
        -26.849864
       ],
       [
        -65.192627,
        -26.849102
       ],
       [
        -65.192692,
        -26.847865
       ],
       [
        -65.193091,
        -26.847363
       ],
       [
        -65.193627,
        -26.847015
       ],
       [
        -65.194405,
        -26.846796
       ]
      ]
     ]
    ]
   }
  },
  {
   "type": "Feature",
   "properties": {
    "nombre": "AMPLIACION ALEJANDRO HEREDIA",
    "revisar": false
   },
   "geometry": {
    "type": "MultiPolygon",
    "coordinates": [
     [
      [
       [
        -65.21519,
        -26.874856
       ],
       [
        -65.216724,
        -26.877238
       ],
       [
        -65.217104,
        -26.877959
       ],
       [
        -65.217483,
        -26.878489
       ],
       [
        -65.217951,
        -26.879321
       ],
       [
        -65.219538,
        -26.881753
       ],
       [
        -65.217753,
        -26.882572
       ],
       [
        -65.216624,
        -26.880982
       ],
       [
        -65.215753,
        -26.879756
       ],
       [
        -65.213664,
        -26.876257
       ],
       [
        -65.212441,
        -26.87421
       ],
       [
        -65.212295,
        -26.87387
       ],
       [
        -65.214197,
        -26.873431
       ],
       [
        -65.21429,
        -26.873565
       ],
       [
        -65.214507,
        -26.873643
       ],
       [
        -65.214487,
        -26.873703
       ],
       [
        -65.21519,
        -26.874856
       ]
      ]
     ]
    ]
   }
  },
  {
   "type": "Feature",
   "properties": {
    "nombre": "AMPLIACION CIUDADELA",
    "revisar": false
   },
   "geometry": {
    "type": "MultiPolygon",
    "coordinates": [
     [
      [
       [
        -65.241592,
        -26.835835
       ],
       [
        -65.241735,
        -26.83635
       ],
       [
        -65.240933,
        -26.836519
       ],
       [
        -65.236983,
        -26.837354
       ],
       [
        -65.235399,
        -26.837689
       ],
       [
        -65.234429,
        -26.833979
       ],
       [
        -65.240715,
        -26.832673
       ],
       [
        -65.241592,
        -26.835835
       ]
      ]
     ]
    ]
   }
  },
  {
   "type": "Feature",
   "properties": {
    "nombre": "AMPLIACION EL GRAFICO",
    "revisar": false
   },
   "geometry": {
    "type": "MultiPolygon",
    "coordinates": [
     [
      [
       [
        -65.220662,
        -26.865747
       ],
       [
        -65.220995,
        -26.865683
       ],
       [
        -65.221093,
        -26.866231
       ],
       [
        -65.221137,
        -26.866477
       ],
       [
        -65.220633,
        -26.866568
       ],
       [
        -65.218956,
        -26.866874
       ],
       [
        -65.218329,
        -26.866988
       ],
       [
        -65.217411,
        -26.867155
       ],
       [
        -65.216647,
        -26.867294
       ],
       [
        -65.215144,
        -26.867568
       ],
       [
        -65.213707,
        -26.86783
       ],
       [
        -65.213415,
        -26.867883
       ],
       [
        -65.213233,
        -26.867176
       ],
       [
        -65.214816,
        -26.866877
       ],
       [
        -65.216361,
        -26.866573
       ],
       [
        -65.217901,
        -26.866279
       ],
       [
        -65.220662,
        -26.865747
       ]
      ]
     ]
    ]
   }
  },
  {
   "type": "Feature",
   "properties": {
    "nombre": "AMPLIACION EL MOLINO",
    "revisar": false
   },
   "geometry": {
    "type": "MultiPolygon",
    "coordinates": [
     [
      [
       [
        -65.182001,
        -26.805428
       ],
       [
        -65.182013,
        -26.805426
       ],
       [
        -65.182393,
        -26.806081
       ],
       [
        -65.182725,
        -26.806652
       ],
       [
        -65.181145,
        -26.807024
       ],
       [
        -65.18041,
        -26.805751
       ],
       [
        -65.182001,
        -26.805428
       ]
      ]
     ]
    ]
   }
  },
  {
   "type": "Feature",
   "properties": {
    "nombre": "AMPLIACION EL PARQUE",
    "revisar": false
   },
   "geometry": {
    "type": "MultiPolygon",
    "coordinates": [
     [
      [
       [
        -65.175834,
        -26.830655
       ],
       [
        -65.175705,
        -26.83068
       ],
       [
        -65.175661,
        -26.830491
       ],
       [
        -65.174616,
        -26.826016
       ],
       [
        -65.174724,
        -26.825405
       ],
       [
        -65.17479,
        -26.82485
       ],
       [
        -65.17451,
        -26.823633
       ],
       [
        -65.178022,
        -26.822831
       ],
       [
        -65.179694,
        -26.829904
       ],
       [
        -65.175834,
        -26.830655
       ]
      ]
     ]
    ]
   }
  },
  {
   "type": "Feature",
   "properties": {
    "nombre": "AMPLIACION EX AEROPUERTO",
    "revisar": false
   },
   "geometry": {
    "type": "MultiPolygon",
    "coordinates": [
     [
      [
       [
        -65.192576,
        -26.844098
       ],
       [
        -65.192503,
        -26.845004
       ],
       [
        -65.192387,
        -26.84651
       ],
       [
        -65.192213,
        -26.846991
       ],
       [
        -65.192118,
        -26.847302
       ],
       [
        -65.191945,
        -26.847399
       ],
       [
        -65.191209,
        -26.847619
       ],
       [
        -65.191248,
        -26.846793
       ],
       [
        -65.191401,
        -26.846174
       ],
       [
        -65.191485,
        -26.845831
       ],
       [
        -65.191591,
        -26.845404
       ],
       [
        -65.191734,
        -26.844823
       ],
       [
        -65.191798,
        -26.844565
       ],
       [
        -65.191691,
        -26.844123
       ],
       [
        -65.191472,
        -26.843159
       ],
       [
        -65.192154,
        -26.843087
       ],
       [
        -65.192639,
        -26.843066
       ],
       [
        -65.192576,
        -26.844098
       ]
      ]
     ]
    ]
   }
  },
  {
   "type": "Feature",
   "properties": {
    "nombre": "AMPLIACION FEDERAL",
    "revisar": true
   },
   "geometry": {
    "type": "MultiPolygon",
    "coordinates": [
     [
      [
       [
        -65.220158,
        -26.887384
       ],
       [
        -65.22131,
        -26.887209
       ],
       [
        -65.222103,
        -26.887095
       ],
       [
        -65.222044,
        -26.888879
       ],
       [
        -65.221881,
        -26.889994
       ],
       [
        -65.221454,
        -26.891138
       ],
       [
        -65.221008,
        -26.89182
       ],
       [
        -65.220696,
        -26.891718
       ],
       [
        -65.220948,
        -26.89109
       ],
       [
        -65.221153,
        -26.890313
       ],
       [
        -65.22083,
        -26.88894
       ],
       [
        -65.220158,
        -26.887384
       ]
      ]
     ]
    ]
   }
  },
  {
   "type": "Feature",
   "properties": {
    "nombre": "AMPLIACION INDEPENDENCIA",
    "revisar": false
   },
   "geometry": {
    "type": "MultiPolygon",
    "coordinates": [
     [
      [
       [
        -65.228144,
        -26.884008
       ],
       [
        -65.229538,
        -26.883492
       ],
       [
        -65.229975,
        -26.884472
       ],
       [
        -65.229934,
        -26.88501
       ],
       [
        -65.229884,
        -26.885856
       ],
       [
        -65.229152,
        -26.886047
       ],
       [
        -65.228144,
        -26.884008
       ]
      ]
     ]
    ]
   }
  },
  {
   "type": "Feature",
   "properties": {
    "nombre": "AMPLIACION JARDIN",
    "revisar": false
   },
   "geometry": {
    "type": "MultiPolygon",
    "coordinates": [
     [
      [
       [
        -65.239773,
        -26.808373
       ],
       [
        -65.240488,
        -26.811027
       ],
       [
        -65.238256,
        -26.811517
       ],
       [
        -65.237551,
        -26.80879
       ],
       [
        -65.239773,
        -26.808373
       ]
      ]
     ]
    ]
   }
  },
  {
   "type": "Feature",
   "properties": {
    "nombre": "AMPLIACION JUAN XXIII",
    "revisar": false
   },
   "geometry": {
    "type": "MultiPolygon",
    "coordinates": [
     [
      [
       [
        -65.227144,
        -26.80633
       ],
       [
        -65.227289,
        -26.806868
       ],
       [
        -65.227511,
        -26.807657
       ],
       [
        -65.225029,
        -26.808198
       ],
       [
        -65.224877,
        -26.808231
       ],
       [
        -65.222826,
        -26.808675
       ],
       [
        -65.222409,
        -26.807204
       ],
       [
        -65.219974,
        -26.807678
       ],
       [
        -65.219619,
        -26.806437
       ],
       [
        -65.222574,
        -26.805876
       ],
       [
        -65.222677,
        -26.805705
       ],
       [
        -65.223422,
        -26.805489
       ],
       [
        -65.223495,
        -26.805727
       ],
       [
        -65.226772,
        -26.805044
       ],
       [
        -65.227144,
        -26.80633
       ]
      ]
     ]
    ]
   }
  },
  {
   "type": "Feature",
   "properties": {
    "nombre": "AMPLIACION KENNEDY",
    "revisar": false
   },
   "geometry": {
    "type": "MultiPolygon",
    "coordinates": [
     [
      [
       [
        -65.245208,
        -26.796667
       ],
       [
        -65.24556,
        -26.798243
       ],
       [
        -65.242419,
        -26.798748
       ],
       [
        -65.240137,
        -26.799114
       ],
       [
        -65.239546,
        -26.799209
       ],
       [
        -65.239122,
        -26.797075
       ],
       [
        -65.239692,
        -26.796966
       ],
       [
        -65.239225,
        -26.795001
       ],
       [
        -65.23906,
        -26.794197
       ],
       [
        -65.240515,
        -26.793925
       ],
       [
        -65.241899,
        -26.793667
       ],
       [
        -65.244445,
        -26.793168
       ],
       [
        -65.244514,
        -26.793497
       ],
       [
        -65.244754,
        -26.794604
       ],
       [
        -65.245208,
        -26.796667
       ]
      ]
     ]
    ]
   }
  },
  {
   "type": "Feature",
   "properties": {
    "nombre": "AMPLIACIÓN OBISPO COLOMBRES",
    "revisar": false
   },
   "geometry": {
    "type": "MultiPolygon",
    "coordinates": [
     [
      [
       [
        -65.171455,
        -26.829794
       ],
       [
        -65.172266,
        -26.829561
       ],
       [
        -65.172553,
        -26.829478
       ],
       [
        -65.173079,
        -26.829327
       ],
       [
        -65.17339,
        -26.829237
       ],
       [
        -65.17333,
        -26.828929
       ],
       [
        -65.173296,
        -26.828755
       ],
       [
        -65.173214,
        -26.828337
       ],
       [
        -65.17404,
        -26.828179
       ],
       [
        -65.174174,
        -26.828727
       ],
       [
        -65.174316,
        -26.82931
       ],
       [
        -65.174695,
        -26.830862
       ],
       [
        -65.174007,
        -26.830996
       ],
       [
        -65.173329,
        -26.831123
       ],
       [
        -65.172341,
        -26.831321
       ],
       [
        -65.172032,
        -26.830952
       ],
       [
        -65.172032,
        -26.830952
       ],
       [
        -65.171698,
        -26.830282
       ],
       [
        -65.171455,
        -26.829794
       ]
      ]
     ]
    ]
   }
  },
  {
   "type": "Feature",
   "properties": {
    "nombre": "AMPLIACION OBISPO PIEDRABUENA",
    "revisar": false
   },
   "geometry": {
    "type": "MultiPolygon",
    "coordinates": [
     [
      [
       [
        -65.17967,
        -26.81667
       ],
       [
        -65.180599,
        -26.820857
       ],
       [
        -65.180851,
        -26.822314
       ],
       [
        -65.17943,
        -26.822574
       ],
       [
        -65.178022,
        -26.822831
       ],
       [
        -65.177677,
        -26.821406
       ],
       [
        -65.176648,
        -26.81717
       ],
       [
        -65.17967,
        -26.81667
       ]
      ]
     ]
    ]
   }
  },
  {
   "type": "Feature",
   "properties": {
    "nombre": "AMPLIACION PADILLA",
    "revisar": false
   },
   "geometry": {
    "type": "MultiPolygon",
    "coordinates": [
     [
      [
       [
        -65.256651,
        -26.803537
       ],
       [
        -65.257316,
        -26.804156
       ],
       [
        -65.258487,
        -26.805067
       ],
       [
        -65.258841,
        -26.805162
       ],
       [
        -65.261071,
        -26.806666
       ],
       [
        -65.257711,
        -26.807406
       ],
       [
        -65.257503,
        -26.806252
       ],
       [
        -65.252864,
        -26.807052
       ],
       [
        -65.250878,
        -26.807452
       ],
       [
        -65.249815,
        -26.807667
       ],
       [
        -65.250564,
        -26.806188
       ],
       [
        -65.254522,
        -26.805516
       ],
       [
        -65.255452,
        -26.805874
       ],
       [
        -65.256651,
        -26.803537
       ]
      ]
     ]
    ]
   }
  },
  {
   "type": "Feature",
   "properties": {
    "nombre": "AMPLIACION POLICIAL IV",
    "revisar": false
   },
   "geometry": {
    "type": "MultiPolygon",
    "coordinates": [
     [
      [
       [
        -65.234134,
        -26.865705
       ],
       [
        -65.236756,
        -26.86932
       ],
       [
        -65.232972,
        -26.870099
       ],
       [
        -65.231576,
        -26.867552
       ],
       [
        -65.234134,
        -26.865705
       ]
      ]
     ]
    ]
   }
  },
  {
   "type": "Feature",
   "properties": {
    "nombre": "AMPLIACION SAN FRANCISCO",
    "revisar": false
   },
   "geometry": {
    "type": "MultiPolygon",
    "coordinates": [
     [
      [
       [
        -65.230308,
        -26.87058
       ],
       [
        -65.230407,
        -26.869695
       ],
       [
        -65.230457,
        -26.868695
       ],
       [
        -65.230785,
        -26.868308
       ],
       [
        -65.23161,
        -26.8676
       ],
       [
        -65.233026,
        -26.870203
       ],
       [
        -65.230308,
        -26.87058
       ]
      ]
     ]
    ]
   }
  },
  {
   "type": "Feature",
   "properties": {
    "nombre": "AMPLIACION SAN JOSE OBRERO",
    "revisar": false
   },
   "geometry": {
    "type": "MultiPolygon",
    "coordinates": [
     [
      [
       [
        -65.200181,
        -26.857608
       ],
       [
        -65.200181,
        -26.857608
       ],
       [
        -65.198842,
        -26.857899
       ],
       [
        -65.198555,
        -26.857032
       ],
       [
        -65.198491,
        -26.856831
       ],
       [
        -65.199865,
        -26.856554
       ],
       [
        -65.200181,
        -26.857608
       ]
      ]
     ]
    ]
   }
  },
  {
   "type": "Feature",
   "properties": {
    "nombre": "AMPLIACION SAN NICOLAS",
    "revisar": false
   },
   "geometry": {
    "type": "MultiPolygon",
    "coordinates": [
     [
      [
       [
        -65.223734,
        -26.857602
       ],
       [
        -65.225094,
        -26.858742
       ],
       [
        -65.227213,
        -26.860537
       ],
       [
        -65.227874,
        -26.861222
       ],
       [
        -65.228278,
        -26.861731
       ],
       [
        -65.228632,
        -26.862291
       ],
       [
        -65.227397,
        -26.86253
       ],
       [
        -65.226524,
        -26.862432
       ],
       [
        -65.225459,
        -26.862629
       ],
       [
        -65.224995,
        -26.860566
       ],
       [
        -65.224301,
        -26.859183
       ],
       [
        -65.223808,
        -26.858273
       ],
       [
        -65.223575,
        -26.858348
       ],
       [
        -65.223211,
        -26.857603
       ],
       [
        -65.223734,
        -26.857602
       ]
      ]
     ]
    ]
   }
  },
  {
   "type": "Feature",
   "properties": {
    "nombre": "AMPLIACION SARMIENTO",
    "revisar": false
   },
   "geometry": {
    "type": "MultiPolygon",
    "coordinates": [
     [
      [
       [
        -65.185023,
        -26.837926
       ],
       [
        -65.185153,
        -26.838087
       ],
       [
        -65.185321,
        -26.838296
       ],
       [
        -65.185481,
        -26.838495
       ],
       [
        -65.185613,
        -26.839175
       ],
       [
        -65.185698,
        -26.839663
       ],
       [
        -65.184905,
        -26.839768
       ],
       [
        -65.184514,
        -26.838018
       ],
       [
        -65.185023,
        -26.837926
       ]
      ]
     ]
    ]
   }
  },
  {
   "type": "Feature",
   "properties": {
    "nombre": "AMPLIACION SITRAVI II",
    "revisar": false
   },
   "geometry": {
    "type": "MultiPolygon",
    "coordinates": [
     [
      [
       [
        -65.178885,
        -26.811947
       ],
       [
        -65.178074,
        -26.812119
       ],
       [
        -65.176937,
        -26.812358
       ],
       [
        -65.176327,
        -26.811347
       ],
       [
        -65.177314,
        -26.810935
       ],
       [
        -65.178349,
        -26.810662
       ],
       [
        -65.17857,
        -26.81131
       ],
       [
        -65.178885,
        -26.811947
       ]
      ]
     ]
    ]
   }
  },
  {
   "type": "Feature",
   "properties": {
    "nombre": "AMPLIACION SMATA (IÑIGO)",
    "revisar": false
   },
   "geometry": {
    "type": "MultiPolygon",
    "coordinates": [
     [
      [
       [
        -65.261871,
        -26.85037
       ],
       [
        -65.262099,
        -26.850438
       ],
       [
        -65.262383,
        -26.851537
       ],
       [
        -65.262496,
        -26.851976
       ],
       [
        -65.262658,
        -26.852622
       ],
       [
        -65.262418,
        -26.852664
       ],
       [
        -65.262412,
        -26.852787
       ],
       [
        -65.262518,
        -26.853096
       ],
       [
        -65.262647,
        -26.853495
       ],
       [
        -65.262897,
        -26.854419
       ],
       [
        -65.262933,
        -26.854555
       ],
       [
        -65.263107,
        -26.854977
       ],
       [
        -65.263719,
        -26.854873
       ],
       [
        -65.263829,
        -26.855191
       ],
       [
        -65.264287,
        -26.85551
       ],
       [
        -65.264615,
        -26.85679
       ],
       [
        -65.264829,
        -26.857023
       ],
       [
        -65.265111,
        -26.857095
       ],
       [
        -65.265353,
        -26.857228
       ],
       [
        -65.265588,
        -26.85739
       ],
       [
        -65.265053,
        -26.857496
       ],
       [
        -65.264701,
        -26.857567
       ],
       [
        -65.264367,
        -26.857627
       ],
       [
        -65.264141,
        -26.856939
       ],
       [
        -65.263525,
        -26.856429
       ],
       [
        -65.262602,
        -26.856572
       ],
       [
        -65.262484,
        -26.855895
       ],
       [
        -65.262402,
        -26.855199
       ],
       [
        -65.262403,
        -26.85511
       ],
       [
        -65.262037,
        -26.855002
       ],
       [
        -65.261793,
        -26.85385
       ],
       [
        -65.261482,
        -26.852527
       ],
       [
        -65.260998,
        -26.850536
       ],
       [
        -65.261871,
        -26.85037
       ]
      ]
     ]
    ]
   }
  },
  {
   "type": "Feature",
   "properties": {
    "nombre": "AMPLIACION TIRO FEDERAL",
    "revisar": false
   },
   "geometry": {
    "type": "MultiPolygon",
    "coordinates": [
     [
      [
       [
        -65.182272,
        -26.841212
       ],
       [
        -65.179656,
        -26.841751
       ],
       [
        -65.178657,
        -26.841976
       ],
       [
        -65.178408,
        -26.841274
       ],
       [
        -65.181402,
        -26.840611
       ],
       [
        -65.181361,
        -26.840423
       ],
       [
        -65.182089,
        -26.840329
       ],
       [
        -65.182272,
        -26.841212
       ]
      ]
     ]
    ]
   }
  },
  {
   "type": "Feature",
   "properties": {
    "nombre": "AMPLIACION VICTORIA",
    "revisar": false
   },
   "geometry": {
    "type": "MultiPolygon",
    "coordinates": [
     [
      [
       [
        -65.23666,
        -26.847518
       ],
       [
        -65.236886,
        -26.848359
       ],
       [
        -65.23855,
        -26.848012
       ],
       [
        -65.238752,
        -26.848968
       ],
       [
        -65.239046,
        -26.849594
       ],
       [
        -65.23736,
        -26.849945
       ],
       [
        -65.23736,
        -26.849945
       ],
       [
        -65.2372,
        -26.849296
       ],
       [
        -65.235471,
        -26.849658
       ],
       [
        -65.235309,
        -26.849177
       ],
       [
        -65.23392,
        -26.849503
       ],
       [
        -65.233784,
        -26.848914
       ],
       [
        -65.233614,
        -26.848149
       ],
       [
        -65.23666,
        -26.847518
       ]
      ]
     ]
    ]
   }
  },
  {
   "type": "Feature",
   "properties": {
    "nombre": "AMPLIACION VILLA ALEM",
    "revisar": true
   },
   "geometry": {
    "type": "MultiPolygon",
    "coordinates": [
     [
      [
       [
        -65.204798,
        -26.855383
       ],
       [
        -65.202603,
        -26.855852
       ],
       [
        -65.202299,
        -26.855288
       ],
       [
        -65.202171,
        -26.855052
       ],
       [
        -65.20193,
        -26.854606
       ],
       [
        -65.201749,
        -26.854081
       ],
       [
        -65.201558,
        -26.853528
       ],
       [
        -65.215784,
        -26.850137
       ],
       [
        -65.216667,
        -26.852867
       ],
       [
        -65.213526,
        -26.853581
       ],
       [
        -65.210308,
        -26.854284
       ],
       [
        -65.207175,
        -26.855065
       ],
       [
        -65.205678,
        -26.855191
       ],
       [
        -65.204798,
        -26.855383
       ]
      ]
     ]
    ]
   }
  },
  {
   "type": "Feature",
   "properties": {
    "nombre": "AMPLIACION VILLA AMALIA",
    "revisar": false
   },
   "geometry": {
    "type": "MultiPolygon",
    "coordinates": [
     [
      [
       [
        -65.2122,
        -26.862522
       ],
       [
        -65.212432,
        -26.863653
       ],
       [
        -65.212584,
        -26.864293
       ],
       [
        -65.210543,
        -26.864746
       ],
       [
        -65.208909,
        -26.865074
       ],
       [
        -65.208595,
        -26.864538
       ],
       [
        -65.208351,
        -26.864624
       ],
       [
        -65.207094,
        -26.862838
       ],
       [
        -65.212042,
        -26.861867
       ],
       [
        -65.2122,
        -26.862522
       ]
      ]
     ]
    ]
   }
  },
  {
   "type": "Feature",
   "properties": {
    "nombre": "AMPLIACION VILLA ANGELINA",
    "revisar": false
   },
   "geometry": {
    "type": "MultiPolygon",
    "coordinates": [
     [
      [
       [
        -65.220904,
        -26.872436
       ],
       [
        -65.221266,
        -26.873696
       ],
       [
        -65.21519,
        -26.874856
       ],
       [
        -65.214502,
        -26.87371
       ],
       [
        -65.214507,
        -26.873643
       ],
       [
        -65.220904,
        -26.872436
       ]
      ]
     ]
    ]
   }
  },
  {
   "type": "Feature",
   "properties": {
    "nombre": "AMPLIACION VILLA MUÑECAS",
    "revisar": false
   },
   "geometry": {
    "type": "MultiPolygon",
    "coordinates": [
     [
      [
       [
        -65.234265,
        -26.794082
       ],
       [
        -65.235728,
        -26.793751
       ],
       [
        -65.235436,
        -26.792454
       ],
       [
        -65.238492,
        -26.791888
       ],
       [
        -65.241514,
        -26.791293
       ],
       [
        -65.241899,
        -26.793667
       ],
       [
        -65.240515,
        -26.793925
       ],
       [
        -65.23906,
        -26.794197
       ],
       [
        -65.239225,
        -26.795001
       ],
       [
        -65.234623,
        -26.795782
       ],
       [
        -65.234265,
        -26.794082
       ]
      ]
     ]
    ]
   }
  },
  {
   "type": "Feature",
   "properties": {
    "nombre": "AMPLIACION VILLA SAN JORGE",
    "revisar": false
   },
   "geometry": {
    "type": "MultiPolygon",
    "coordinates": [
     [
      [
       [
        -65.179594,
        -26.796705
       ],
       [
        -65.17966,
        -26.797044
       ],
       [
        -65.17922,
        -26.797138
       ],
       [
        -65.179449,
        -26.798111
       ],
       [
        -65.179753,
        -26.799407
       ],
       [
        -65.179125,
        -26.799542
       ],
       [
        -65.178845,
        -26.799603
       ],
       [
        -65.178575,
        -26.799661
       ],
       [
        -65.177442,
        -26.799871
       ],
       [
        -65.176042,
        -26.800132
       ],
       [
        -65.175136,
        -26.800318
       ],
       [
        -65.174515,
        -26.797674
       ],
       [
        -65.175899,
        -26.797361
       ],
       [
        -65.175638,
        -26.7963
       ],
       [
        -65.176739,
        -26.79606
       ],
       [
        -65.176779,
        -26.796758
       ],
       [
        -65.178936,
        -26.796348
       ],
       [
        -65.178778,
        -26.795697
       ],
       [
        -65.179282,
        -26.795592
       ],
       [
        -65.179594,
        -26.796705
       ]
      ]
     ]
    ]
   }
  },
  {
   "type": "Feature",
   "properties": {
    "nombre": "ARTURO ILLIA I",
    "revisar": false
   },
   "geometry": {
    "type": "MultiPolygon",
    "coordinates": [
     [
      [
       [
        -65.180532,
        -26.814373
       ],
       [
        -65.180185,
        -26.812909
       ],
       [
        -65.180185,
        -26.812909
       ],
       [
        -65.180185,
        -26.812909
       ],
       [
        -65.181737,
        -26.812621
       ],
       [
        -65.18211,
        -26.814053
       ],
       [
        -65.180532,
        -26.814373
       ]
      ]
     ]
    ]
   }
  },
  {
   "type": "Feature",
   "properties": {
    "nombre": "ARTURO ILLIA II",
    "revisar": false
   },
   "geometry": {
    "type": "MultiPolygon",
    "coordinates": [
     [
      [
       [
        -65.180532,
        -26.814373
       ],
       [
        -65.178999,
        -26.814659
       ],
       [
        -65.178849,
        -26.814005
       ],
       [
        -65.178668,
        -26.813195
       ],
       [
        -65.180185,
        -26.812909
       ],
       [
        -65.180532,
        -26.814373
       ]
      ]
     ]
    ]
   }
  },
  {
   "type": "Feature",
   "properties": {
    "nombre": "ASENTAMIENTO EL ANGEL",
    "revisar": false
   },
   "geometry": {
    "type": "MultiPolygon",
    "coordinates": [
     [
      [
       [
        -65.169187,
        -26.792841
       ],
       [
        -65.170006,
        -26.795885
       ],
       [
        -65.16316,
        -26.797383
       ],
       [
        -65.163303,
        -26.795978
       ],
       [
        -65.164178,
        -26.795332
       ],
       [
        -65.165537,
        -26.793259
       ],
       [
        -65.169187,
        -26.792841
       ]
      ]
     ]
    ]
   }
  },
  {
   "type": "Feature",
   "properties": {
    "nombre": "ASENTAMIENTO FRANCISCO I",
    "revisar": false
   },
   "geometry": {
    "type": "MultiPolygon",
    "coordinates": [
     [
      [
       [
        -65.270371,
        -26.856592
       ],
       [
        -65.270261,
        -26.856601
       ],
       [
        -65.268865,
        -26.856909
       ],
       [
        -65.268665,
        -26.856381
       ],
       [
        -65.268147,
        -26.856477
       ],
       [
        -65.267853,
        -26.855317
       ],
       [
        -65.267557,
        -26.85402
       ],
       [
        -65.268712,
        -26.853758
       ],
       [
        -65.268757,
        -26.853892
       ],
       [
        -65.271381,
        -26.853327
       ],
       [
        -65.271615,
        -26.854233
       ],
       [
        -65.270083,
        -26.854504
       ],
       [
        -65.270576,
        -26.856275
       ],
       [
        -65.270371,
        -26.856592
       ]
      ]
     ]
    ]
   }
  },
  {
   "type": "Feature",
   "properties": {
    "nombre": "ASENTAMIENTO MARGARITA",
    "revisar": true
   },
   "geometry": {
    "type": "MultiPolygon",
    "coordinates": [
     [
      [
       [
        -65.180332,
        -26.805759
       ],
       [
        -65.181098,
        -26.807025
       ],
       [
        -65.177142,
        -26.807935
       ],
       [
        -65.176513,
        -26.806563
       ],
       [
        -65.180332,
        -26.805759
       ]
      ]
     ]
    ]
   }
  },
  {
   "type": "Feature",
   "properties": {
    "nombre": "ASENTAMIENTO MARTIN BERHO",
    "revisar": false
   },
   "geometry": {
    "type": "MultiPolygon",
    "coordinates": [
     [
      [
       [
        -65.170822,
        -26.813201
       ],
       [
        -65.17097,
        -26.81385
       ],
       [
        -65.170787,
        -26.814506
       ],
       [
        -65.162193,
        -26.815976
       ],
       [
        -65.161804,
        -26.815263
       ],
       [
        -65.167423,
        -26.814115
       ],
       [
        -65.167331,
        -26.813806
       ],
       [
        -65.170822,
        -26.813201
       ]
      ]
     ]
    ]
   }
  },
  {
   "type": "Feature",
   "properties": {
    "nombre": "ASENTAMIENTO ROSA MISTICA",
    "revisar": false
   },
   "geometry": {
    "type": "MultiPolygon",
    "coordinates": [
     [
      [
       [
        -65.252042,
        -26.849826
       ],
       [
        -65.252118,
        -26.84984
       ],
       [
        -65.252761,
        -26.850308
       ],
       [
        -65.253255,
        -26.850606
       ],
       [
        -65.253385,
        -26.850896
       ],
       [
        -65.253821,
        -26.850905
       ],
       [
        -65.254186,
        -26.852089
       ],
       [
        -65.253312,
        -26.852291
       ],
       [
        -65.250856,
        -26.852846
       ],
       [
        -65.250551,
        -26.851742
       ],
       [
        -65.249702,
        -26.85185
       ],
       [
        -65.250432,
        -26.850041
       ],
       [
        -65.252042,
        -26.849826
       ]
      ]
     ]
    ]
   }
  },
  {
   "type": "Feature",
   "properties": {
    "nombre": "ASENTAMIENTO SAN MIGUEL",
    "revisar": false
   },
   "geometry": {
    "type": "MultiPolygon",
    "coordinates": [
     [
      [
       [
        -65.180939,
        -26.803248
       ],
       [
        -65.181256,
        -26.804155
       ],
       [
        -65.178253,
        -26.804778
       ],
       [
        -65.177885,
        -26.803837
       ],
       [
        -65.180939,
        -26.803248
       ]
      ]
     ]
    ]
   }
  },
  {
   "type": "Feature",
   "properties": {
    "nombre": "ATEP II",
    "revisar": false
   },
   "geometry": {
    "type": "MultiPolygon",
    "coordinates": [
     [
      [
       [
        -65.264499,
        -26.827857
       ],
       [
        -65.264635,
        -26.829005
       ],
       [
        -65.264717,
        -26.830306
       ],
       [
        -65.266629,
        -26.830045
       ],
       [
        -65.266832,
        -26.831172
       ],
       [
        -65.265562,
        -26.831362
       ],
       [
        -65.263348,
        -26.831551
       ],
       [
        -65.265562,
        -26.831362
       ],
       [
        -65.263348,
        -26.831551
       ],
       [
        -65.26263,
        -26.831569
       ],
       [
        -65.262221,
        -26.831579
       ],
       [
        -65.261392,
        -26.831508
       ],
       [
        -65.260597,
        -26.831441
       ],
       [
        -65.260216,
        -26.831408
       ],
       [
        -65.260351,
        -26.831118
       ],
       [
        -65.260574,
        -26.830638
       ],
       [
        -65.26076,
        -26.830238
       ],
       [
        -65.261692,
        -26.829193
       ],
       [
        -65.262714,
        -26.828579
       ],
       [
        -65.263,
        -26.828451
       ],
       [
        -65.264059,
        -26.827935
       ],
       [
        -65.264485,
        -26.827731
       ],
       [
        -65.264499,
        -26.827857
       ]
      ]
     ]
    ]
   }
  },
  {
   "type": "Feature",
   "properties": {
    "nombre": "ATSA (SANIDAD)",
    "revisar": false
   },
   "geometry": {
    "type": "MultiPolygon",
    "coordinates": [
     [
      [
       [
        -65.222667,
        -26.802092
       ],
       [
        -65.225779,
        -26.801496
       ],
       [
        -65.22678,
        -26.805059
       ],
       [
        -65.223495,
        -26.805727
       ],
       [
        -65.223422,
        -26.805489
       ],
       [
        -65.222667,
        -26.802092
       ]
      ]
     ]
    ]
   }
  },
  {
   "type": "Feature",
   "properties": {
    "nombre": "AUTOPISTA SUR",
    "revisar": false
   },
   "geometry": {
    "type": "MultiPolygon",
    "coordinates": [
     [
      [
       [
        -65.191585,
        -26.861049
       ],
       [
        -65.200973,
        -26.870145
       ],
       [
        -65.198162,
        -26.870471
       ],
       [
        -65.197304,
        -26.868305
       ],
       [
        -65.197212,
        -26.868077
       ],
       [
        -65.195715,
        -26.866432
       ],
       [
        -65.195405,
        -26.865846
       ],
       [
        -65.194675,
        -26.865536
       ],
       [
        -65.193593,
        -26.864754
       ],
       [
        -65.192712,
        -26.864144
       ],
       [
        -65.190718,
        -26.862287
       ],
       [
        -65.189572,
        -26.862442
       ],
       [
        -65.189152,
        -26.861701
       ],
       [
        -65.189134,
        -26.861395
       ],
       [
        -65.189134,
        -26.861062
       ],
       [
        -65.189481,
        -26.860927
       ],
       [
        -65.190047,
        -26.860956
       ],
       [
        -65.190449,
        -26.86111
       ],
       [
        -65.191231,
        -26.861029
       ],
       [
        -65.191585,
        -26.861049
       ]
      ]
     ]
    ]
   }
  },
  {
   "type": "Feature",
   "properties": {
    "nombre": "AVENIDA",
    "revisar": false
   },
   "geometry": {
    "type": "MultiPolygon",
    "coordinates": [
     [
      [
       [
        -65.22372,
        -26.849999
       ],
       [
        -65.221923,
        -26.850361
       ],
       [
        -65.221632,
        -26.848984
       ],
       [
        -65.221074,
        -26.849105
       ],
       [
        -65.2205,
        -26.846371
       ],
       [
        -65.222747,
        -26.84594
       ],
       [
        -65.22372,
        -26.849999
       ]
      ]
     ]
    ]
   }
  },
  {
   "type": "Feature",
   "properties": {
    "nombre": "BAJO HONDO",
    "revisar": false
   },
   "geometry": {
    "type": "MultiPolygon",
    "coordinates": [
     [
      [
       [
        -65.249777,
        -26.815867
       ],
       [
        -65.252647,
        -26.815393
       ],
       [
        -65.252266,
        -26.813947
       ],
       [
        -65.255613,
        -26.813287
       ],
       [
        -65.255807,
        -26.813342
       ],
       [
        -65.256143,
        -26.814898
       ],
       [
        -65.257233,
        -26.814667
       ],
       [
        -65.257495,
        -26.816007
       ],
       [
        -65.257799,
        -26.817279
       ],
       [
        -65.258943,
        -26.817067
       ],
       [
        -65.259191,
        -26.818123
       ],
       [
        -65.260506,
        -26.81787
       ],
       [
        -65.260256,
        -26.816825
       ],
       [
        -65.259958,
        -26.815568
       ],
       [
        -65.259599,
        -26.814238
       ],
       [
        -65.261105,
        -26.813992
       ],
       [
        -65.261517,
        -26.816579
       ],
       [
        -65.263973,
        -26.816107
       ],
       [
        -65.264232,
        -26.817151
       ],
       [
        -65.264432,
        -26.817145
       ],
       [
        -65.264677,
        -26.81845
       ],
       [
        -65.258245,
        -26.819625
       ],
       [
        -65.256633,
        -26.819935
       ],
       [
        -65.253761,
        -26.820432
       ],
       [
        -65.252863,
        -26.816477
       ],
       [
        -65.250039,
        -26.817018
       ],
       [
        -65.249777,
        -26.815867
       ]
      ]
     ]
    ]
   }
  },
  {
   "type": "Feature",
   "properties": {
    "nombre": "BAJO LA POLVORA",
    "revisar": false
   },
   "geometry": {
    "type": "MultiPolygon",
    "coordinates": [
     [
      [
       [
        -65.184758,
        -26.807807
       ],
       [
        -65.186482,
        -26.807481
       ],
       [
        -65.187211,
        -26.807336
       ],
       [
        -65.188008,
        -26.807178
       ],
       [
        -65.190934,
        -26.806597
       ],
       [
        -65.191602,
        -26.809632
       ],
       [
        -65.188734,
        -26.810148
       ],
       [
        -65.186151,
        -26.81061
       ],
       [
        -65.186099,
        -26.810536
       ],
       [
        -65.185995,
        -26.810389
       ],
       [
        -65.185703,
        -26.809809
       ],
       [
        -65.185516,
        -26.809639
       ],
       [
        -65.185075,
        -26.809347
       ],
       [
        -65.184473,
        -26.808898
       ],
       [
        -65.183696,
        -26.808007
       ],
       [
        -65.184758,
        -26.807807
       ]
      ]
     ]
    ]
   }
  },
  {
   "type": "Feature",
   "properties": {
    "nombre": "BATALLA DE TUCUMAN",
    "revisar": false
   },
   "geometry": {
    "type": "MultiPolygon",
    "coordinates": [
     [
      [
       [
        -65.253614,
        -26.830298
       ],
       [
        -65.253225,
        -26.828915
       ],
       [
        -65.259043,
        -26.82778
       ],
       [
        -65.259425,
        -26.829142
       ],
       [
        -65.257892,
        -26.829522
       ],
       [
        -65.258108,
        -26.830561
       ],
       [
        -65.255569,
        -26.830505
       ],
       [
        -65.254977,
        -26.830395
       ],
       [
        -65.254639,
        -26.830332
       ],
       [
        -65.254353,
        -26.830279
       ],
       [
        -65.254064,
        -26.830286
       ],
       [
        -65.253614,
        -26.830298
       ]
      ]
     ]
    ]
   }
  },
  {
   "type": "Feature",
   "properties": {
    "nombre": "BELGRANO",
    "revisar": false
   },
   "geometry": {
    "type": "MultiPolygon",
    "coordinates": [
     [
      [
       [
        -65.246007,
        -26.822066
       ],
       [
        -65.250978,
        -26.820959
       ],
       [
        -65.2522,
        -26.825263
       ],
       [
        -65.250159,
        -26.825701
       ],
       [
        -65.247168,
        -26.826344
       ],
       [
        -65.246007,
        -26.822066
       ]
      ]
     ]
    ]
   }
  },
  {
   "type": "Feature",
   "properties": {
    "nombre": "BERNABE ARAOZ",
    "revisar": false
   },
   "geometry": {
    "type": "MultiPolygon",
    "coordinates": [
     [
      [
       [
        -65.2205,
        -26.846371
       ],
       [
        -65.22099,
        -26.848706
       ],
       [
        -65.221074,
        -26.849105
       ],
       [
        -65.220808,
        -26.849136
       ],
       [
        -65.220598,
        -26.849161
       ],
       [
        -65.2203,
        -26.847799
       ],
       [
        -65.219901,
        -26.846486
       ],
       [
        -65.220094,
        -26.846449
       ],
       [
        -65.2205,
        -26.846371
       ]
      ]
     ]
    ]
   }
  },
  {
   "type": "Feature",
   "properties": {
    "nombre": "BIENESTAR",
    "revisar": false
   },
   "geometry": {
    "type": "MultiPolygon",
    "coordinates": [
     [
      [
       [
        -65.201482,
        -26.853576
       ],
       [
        -65.202528,
        -26.855838
       ],
       [
        -65.199924,
        -26.856506
       ],
       [
        -65.199157,
        -26.854114
       ],
       [
        -65.201482,
        -26.853576
       ]
      ]
     ]
    ]
   }
  },
  {
   "type": "Feature",
   "properties": {
    "nombre": "BLAS VICTORIO CONRERO",
    "revisar": false
   },
   "geometry": {
    "type": "MultiPolygon",
    "coordinates": [
     [
      [
       [
        -65.221907,
        -26.854362
       ],
       [
        -65.221938,
        -26.854449
       ],
       [
        -65.222046,
        -26.854746
       ],
       [
        -65.22239,
        -26.855697
       ],
       [
        -65.22311,
        -26.856993
       ],
       [
        -65.222597,
        -26.857119
       ],
       [
        -65.222431,
        -26.856808
       ],
       [
        -65.219614,
        -26.857299
       ],
       [
        -65.218486,
        -26.857538
       ],
       [
        -65.218635,
        -26.856797
       ],
       [
        -65.218707,
        -26.856438
       ],
       [
        -65.21877,
        -26.856288
       ],
       [
        -65.218834,
        -26.856137
       ],
       [
        -65.218924,
        -26.855922
       ],
       [
        -65.219062,
        -26.855654
       ],
       [
        -65.219062,
        -26.855654
       ],
       [
        -65.219117,
        -26.855546
       ],
       [
        -65.219227,
        -26.85533
       ],
       [
        -65.219795,
        -26.85518
       ],
       [
        -65.219603,
        -26.854379
       ],
       [
        -65.21947,
        -26.853737
       ],
       [
        -65.220473,
        -26.853955
       ],
       [
        -65.221087,
        -26.854129
       ],
       [
        -65.221907,
        -26.854362
       ]
      ]
     ]
    ]
   }
  },
  {
   "type": "Feature",
   "properties": {
    "nombre": "BLASCO II",
    "revisar": false
   },
   "geometry": {
    "type": "MultiPolygon",
    "coordinates": [
     [
      [
       [
        -65.226047,
        -26.879777
       ],
       [
        -65.226451,
        -26.880677
       ],
       [
        -65.221403,
        -26.881739
       ],
       [
        -65.221095,
        -26.880719
       ],
       [
        -65.226047,
        -26.879777
       ]
      ]
     ]
    ]
   }
  },
  {
   "type": "Feature",
   "properties": {
    "nombre": "BUEN VIVIR",
    "revisar": false
   },
   "geometry": {
    "type": "MultiPolygon",
    "coordinates": [
     [
      [
       [
        -65.239602,
        -26.872842
       ],
       [
        -65.241508,
        -26.874777
       ],
       [
        -65.239742,
        -26.875156
       ],
       [
        -65.237107,
        -26.875095
       ],
       [
        -65.235811,
        -26.875652
       ],
       [
        -65.235433,
        -26.874883
       ],
       [
        -65.234865,
        -26.8738
       ],
       [
        -65.239602,
        -26.872842
       ]
      ]
     ]
    ]
   }
  },
  {
   "type": "Feature",
   "properties": {
    "nombre": "CAJA POPULAR",
    "revisar": false
   },
   "geometry": {
    "type": "MultiPolygon",
    "coordinates": [
     [
      [
       [
        -65.257059,
        -26.841196
       ],
       [
        -65.256236,
        -26.841349
       ],
       [
        -65.256033,
        -26.840046
       ],
       [
        -65.2578,
        -26.837371
       ],
       [
        -65.258436,
        -26.837251
       ],
       [
        -65.258563,
        -26.837504
       ],
       [
        -65.259355,
        -26.840763
       ],
       [
        -65.257059,
        -26.841196
       ]
      ]
     ]
    ]
   }
  },
  {
   "type": "Feature",
   "properties": {
    "nombre": "CANAL NORTE I",
    "revisar": false
   },
   "geometry": {
    "type": "MultiPolygon",
    "coordinates": [
     [
      [
       [
        -65.191585,
        -26.794909
       ],
       [
        -65.191792,
        -26.795771
       ],
       [
        -65.188475,
        -26.796411
       ],
       [
        -65.188218,
        -26.795714
       ],
       [
        -65.188134,
        -26.795422
       ],
       [
        -65.189311,
        -26.795151
       ],
       [
        -65.190293,
        -26.794925
       ],
       [
        -65.191574,
        -26.794627
       ],
       [
        -65.19302,
        -26.794282
       ],
       [
        -65.194687,
        -26.793893
       ],
       [
        -65.196413,
        -26.793281
       ],
       [
        -65.196473,
        -26.793527
       ],
       [
        -65.196238,
        -26.79375
       ],
       [
        -65.196083,
        -26.794106
       ],
       [
        -65.195686,
        -26.79502
       ],
       [
        -65.194536,
        -26.795242
       ],
       [
        -65.19327,
        -26.795486
       ],
       [
        -65.193061,
        -26.794504
       ],
       [
        -65.191878,
        -26.794829
       ],
       [
        -65.191585,
        -26.794909
       ]
      ]
     ]
    ]
   }
  },
  {
   "type": "Feature",
   "properties": {
    "nombre": "CANAL NORTE II",
    "revisar": false
   },
   "geometry": {
    "type": "MultiPolygon",
    "coordinates": [
     [
      [
       [
        -65.241434,
        -26.785643
       ],
       [
        -65.241139,
        -26.785718
       ],
       [
        -65.240312,
        -26.785926
       ],
       [
        -65.239609,
        -26.786019
       ],
       [
        -65.238829,
        -26.786123
       ],
       [
        -65.237877,
        -26.786249
       ],
       [
        -65.237222,
        -26.786336
       ],
       [
        -65.235819,
        -26.786522
       ],
       [
        -65.234777,
        -26.786805
       ],
       [
        -65.234217,
        -26.786957
       ],
       [
        -65.233837,
        -26.78706
       ],
       [
        -65.233447,
        -26.787166
       ],
       [
        -65.232696,
        -26.78737
       ],
       [
        -65.232696,
        -26.787615
       ],
       [
        -65.231493,
        -26.787845
       ],
       [
        -65.230349,
        -26.788057
       ],
       [
        -65.22929,
        -26.788257
       ],
       [
        -65.228222,
        -26.78844
       ],
       [
        -65.22686,
        -26.788694
       ],
       [
        -65.22611,
        -26.788841
       ],
       [
        -65.224706,
        -26.789109
       ],
       [
        -65.223548,
        -26.789307
       ],
       [
        -65.22289,
        -26.789445
       ],
       [
        -65.222449,
        -26.789529
       ],
       [
        -65.222154,
        -26.789595
       ],
       [
        -65.221074,
        -26.788554
       ],
       [
        -65.21998,
        -26.787616
       ],
       [
        -65.218454,
        -26.787136
       ],
       [
        -65.21877,
        -26.788608
       ],
       [
        -65.219062,
        -26.789834
       ],
       [
        -65.219158,
        -26.790237
       ],
       [
        -65.21825,
        -26.790441
       ],
       [
        -65.217434,
        -26.790625
       ],
       [
        -65.217315,
        -26.790652
       ],
       [
        -65.217148,
        -26.789887
       ],
       [
        -65.216991,
        -26.789224
       ],
       [
        -65.216849,
        -26.788537
       ],
       [
        -65.2166,
        -26.787443
       ],
       [
        -65.216207,
        -26.787814
       ],
       [
        -65.215805,
        -26.788492
       ],
       [
        -65.215621,
        -26.788801
       ],
       [
        -65.215217,
        -26.789481
       ],
       [
        -65.21471,
        -26.790334
       ],
       [
        -65.214316,
        -26.790684
       ],
       [
        -65.213887,
        -26.791064
       ],
       [
        -65.213956,
        -26.79135
       ],
       [
        -65.212966,
        -26.791565
       ],
       [
        -65.211489,
        -26.791886
       ],
       [
        -65.210606,
        -26.792078
       ],
       [
        -65.210303,
        -26.792144
       ],
       [
        -65.208286,
        -26.792532
       ],
       [
        -65.206776,
        -26.792823
       ],
       [
        -65.20572,
        -26.792999
       ],
       [
        -65.205224,
        -26.793125
       ],
       [
        -65.203489,
        -26.79347
       ],
       [
        -65.202152,
        -26.793736
       ],
       [
        -65.20041,
        -26.794083
       ],
       [
        -65.197957,
        -26.794578
       ],
       [
        -65.196299,
        -26.794901
       ],
       [
        -65.195686,
        -26.79502
       ],
       [
        -65.196083,
        -26.794106
       ],
       [
        -65.196238,
        -26.79375
       ],
       [
        -65.196473,
        -26.793527
       ],
       [
        -65.196413,
        -26.793281
       ],
       [
        -65.196721,
        -26.793116
       ],
       [
        -65.197221,
        -26.792848
       ],
       [
        -65.198027,
        -26.792447
       ],
       [
        -65.198992,
        -26.792201
       ],
       [
        -65.200767,
        -26.792049
       ],
       [
        -65.204116,
        -26.791822
       ],
       [
        -65.212559,
        -26.791236
       ],
       [
        -65.213442,
        -26.791059
       ],
       [
        -65.214169,
        -26.790624
       ],
       [
        -65.21468,
        -26.789848
       ],
       [
        -65.216004,
        -26.787702
       ],
       [
        -65.216559,
        -26.787257
       ],
       [
        -65.217325,
        -26.786871
       ],
       [
        -65.217693,
        -26.786775
       ],
       [
        -65.218392,
        -26.786701
       ],
       [
        -65.219011,
        -26.786716
       ],
       [
        -65.219466,
        -26.786858
       ],
       [
        -65.220036,
        -26.787166
       ],
       [
        -65.220983,
        -26.78784
       ],
       [
        -65.221775,
        -26.788405
       ],
       [
        -65.222672,
        -26.788759
       ],
       [
        -65.223435,
        -26.788884
       ],
       [
        -65.224148,
        -26.788761
       ],
       [
        -65.225324,
        -26.788558
       ],
       [
        -65.228577,
        -26.78798
       ],
       [
        -65.229836,
        -26.78774
       ],
       [
        -65.2315,
        -26.787422
       ],
       [
        -65.231871,
        -26.787352
       ],
       [
        -65.232435,
        -26.787194
       ],
       [
        -65.232721,
        -26.787018
       ],
       [
        -65.233014,
        -26.786838
       ],
       [
        -65.233266,
        -26.786718
       ],
       [
        -65.233484,
        -26.786614
       ],
       [
        -65.233704,
        -26.786567
       ],
       [
        -65.233704,
        -26.78657
       ],
       [
        -65.235346,
        -26.786278
       ],
       [
        -65.236959,
        -26.785998
       ],
       [
        -65.238399,
        -26.785738
       ],
       [
        -65.239536,
        -26.785531
       ],
       [
        -65.240793,
        -26.785059
       ],
       [
        -65.241359,
        -26.784578
       ],
       [
        -65.241538,
        -26.784457
       ],
       [
        -65.241544,
        -26.784926
       ],
       [
        -65.241558,
        -26.785129
       ],
       [
        -65.241577,
        -26.785199
       ],
       [
        -65.24154,
        -26.78531
       ],
       [
        -65.241434,
        -26.785643
       ]
      ]
     ]
    ]
   }
  },
  {
   "type": "Feature",
   "properties": {
    "nombre": "CANAL NORTE III",
    "revisar": false
   },
   "geometry": {
    "type": "MultiPolygon",
    "coordinates": [
     [
      [
       [
        -65.188217,
        -26.795725
       ],
       [
        -65.188215,
        -26.795725
       ],
       [
        -65.187023,
        -26.795769
       ],
       [
        -65.185119,
        -26.795043
       ],
       [
        -65.184608,
        -26.794559
       ],
       [
        -65.183623,
        -26.793354
       ],
       [
        -65.183531,
        -26.793044
       ],
       [
        -65.1833,
        -26.792832
       ],
       [
        -65.18317,
        -26.792708
       ],
       [
        -65.183003,
        -26.792601
       ],
       [
        -65.182829,
        -26.792564
       ],
       [
        -65.182661,
        -26.792612
       ],
       [
        -65.182285,
        -26.7927
       ],
       [
        -65.182,
        -26.792748
       ],
       [
        -65.181482,
        -26.792849
       ],
       [
        -65.181159,
        -26.79292
       ],
       [
        -65.180894,
        -26.792976
       ],
       [
        -65.180701,
        -26.792999
       ],
       [
        -65.180484,
        -26.793142
       ],
       [
        -65.180011,
        -26.793236
       ],
       [
        -65.179486,
        -26.793321
       ],
       [
        -65.179059,
        -26.793442
       ],
       [
        -65.1786,
        -26.793385
       ],
       [
        -65.178259,
        -26.79329
       ],
       [
        -65.178065,
        -26.793227
       ],
       [
        -65.177921,
        -26.793135
       ],
       [
        -65.177197,
        -26.792629
       ],
       [
        -65.176893,
        -26.792419
       ],
       [
        -65.176746,
        -26.792293
       ],
       [
        -65.176523,
        -26.792066
       ],
       [
        -65.176283,
        -26.791871
       ],
       [
        -65.175954,
        -26.791599
       ],
       [
        -65.175723,
        -26.791428
       ],
       [
        -65.175993,
        -26.791232
       ],
       [
        -65.176463,
        -26.791637
       ],
       [
        -65.177209,
        -26.792281
       ],
       [
        -65.177701,
        -26.792705
       ],
       [
        -65.178227,
        -26.793012
       ],
       [
        -65.1788,
        -26.793149
       ],
       [
        -65.179343,
        -26.793168
       ],
       [
        -65.179628,
        -26.793095
       ],
       [
        -65.17978,
        -26.793057
       ],
       [
        -65.179976,
        -26.793007
       ],
       [
        -65.180118,
        -26.792937
       ],
       [
        -65.180466,
        -26.792764
       ],
       [
        -65.180639,
        -26.792678
       ],
       [
        -65.181015,
        -26.792492
       ],
       [
        -65.18163,
        -26.792188
       ],
       [
        -65.181812,
        -26.792179
       ],
       [
        -65.182444,
        -26.792151
       ],
       [
        -65.182711,
        -26.792227
       ],
       [
        -65.18304,
        -26.79232
       ],
       [
        -65.183227,
        -26.792397
       ],
       [
        -65.183504,
        -26.792513
       ],
       [
        -65.183691,
        -26.792787
       ],
       [
        -65.183849,
        -26.793047
       ],
       [
        -65.184305,
        -26.793808
       ],
       [
        -65.184938,
        -26.794497
       ],
       [
        -65.185045,
        -26.794578
       ],
       [
        -65.185329,
        -26.794791
       ],
       [
        -65.185514,
        -26.794898
       ],
       [
        -65.185681,
        -26.794993
       ],
       [
        -65.185913,
        -26.795127
       ],
       [
        -65.186376,
        -26.795308
       ],
       [
        -65.186973,
        -26.795433
       ],
       [
        -65.187282,
        -26.795455
       ],
       [
        -65.187527,
        -26.795472
       ],
       [
        -65.187828,
        -26.795447
       ],
       [
        -65.188134,
        -26.795422
       ],
       [
        -65.188217,
        -26.795725
       ]
      ]
     ]
    ]
   }
  },
  {
   "type": "Feature",
   "properties": {
    "nombre": "CAPITAN GIACHINO",
    "revisar": false
   },
   "geometry": {
    "type": "MultiPolygon",
    "coordinates": [
     [
      [
       [
        -65.212047,
        -26.861897
       ],
       [
        -65.212042,
        -26.861867
       ],
       [
        -65.211723,
        -26.860542
       ],
       [
        -65.215342,
        -26.859929
       ],
       [
        -65.215473,
        -26.859974
       ],
       [
        -65.217235,
        -26.859602
       ],
       [
        -65.218028,
        -26.859362
       ],
       [
        -65.218837,
        -26.859117
       ],
       [
        -65.219001,
        -26.859695
       ],
       [
        -65.219184,
        -26.860336
       ],
       [
        -65.219443,
        -26.861126
       ],
       [
        -65.2122,
        -26.862522
       ],
       [
        -65.212047,
        -26.861897
       ]
      ]
     ]
    ]
   }
  },
  {
   "type": "Feature",
   "properties": {
    "nombre": "CAPITAN VIOLA",
    "revisar": false
   },
   "geometry": {
    "type": "MultiPolygon",
    "coordinates": [
     [
      [
       [
        -65.212584,
        -26.864293
       ],
       [
        -65.212755,
        -26.865053
       ],
       [
        -65.213059,
        -26.866406
       ],
       [
        -65.213233,
        -26.867176
       ],
       [
        -65.213415,
        -26.867883
       ],
       [
        -65.213159,
        -26.867926
       ],
       [
        -65.211879,
        -26.868141
       ],
       [
        -65.210832,
        -26.868318
       ],
       [
        -65.210479,
        -26.867793
       ],
       [
        -65.21007,
        -26.867185
       ],
       [
        -65.209725,
        -26.86667
       ],
       [
        -65.209535,
        -26.866387
       ],
       [
        -65.208351,
        -26.864624
       ],
       [
        -65.208595,
        -26.864538
       ],
       [
        -65.208909,
        -26.865074
       ],
       [
        -65.212584,
        -26.864293
       ]
      ]
     ]
    ]
   }
  },
  {
   "type": "Feature",
   "properties": {
    "nombre": "CARDENAL SAMORE",
    "revisar": false
   },
   "geometry": {
    "type": "MultiPolygon",
    "coordinates": [
     [
      [
       [
        -65.246567,
        -26.838098
       ],
       [
        -65.246711,
        -26.838845
       ],
       [
        -65.24705,
        -26.841564
       ],
       [
        -65.244878,
        -26.841973
       ],
       [
        -65.244163,
        -26.842108
       ],
       [
        -65.24375,
        -26.842185
       ],
       [
        -65.243142,
        -26.8423
       ],
       [
        -65.24283,
        -26.842358
       ],
       [
        -65.242471,
        -26.839886
       ],
       [
        -65.242374,
        -26.83922
       ],
       [
        -65.242268,
        -26.838605
       ],
       [
        -65.242167,
        -26.837934
       ],
       [
        -65.244058,
        -26.837642
       ],
       [
        -65.244058,
        -26.837642
       ],
       [
        -65.245616,
        -26.837374
       ],
       [
        -65.2464,
        -26.837239
       ],
       [
        -65.246567,
        -26.838098
       ],
       [
        -65.2464,
        -26.837239
       ],
       [
        -65.246567,
        -26.838098
       ]
      ]
     ]
    ]
   }
  },
  {
   "type": "Feature",
   "properties": {
    "nombre": "CARITAS PROVIVIENDA DEL ARZOBISPADO DE TUCUMAN",
    "revisar": false
   },
   "geometry": {
    "type": "MultiPolygon",
    "coordinates": [
     [
      [
       [
        -65.165489,
        -26.820334
       ],
       [
        -65.16555,
        -26.820839
       ],
       [
        -65.165695,
        -26.821161
       ],
       [
        -65.165695,
        -26.821161
       ],
       [
        -65.165834,
        -26.821468
       ],
       [
        -65.165461,
        -26.821557
       ],
       [
        -65.165936,
        -26.822429
       ],
       [
        -65.166253,
        -26.823029
       ],
       [
        -65.166503,
        -26.823513
       ],
       [
        -65.165874,
        -26.823521
       ],
       [
        -65.165035,
        -26.822397
       ],
       [
        -65.164344,
        -26.821603
       ],
       [
        -65.162512,
        -26.818814
       ],
       [
        -65.1629,
        -26.818707
       ],
       [
        -65.163514,
        -26.819434
       ],
       [
        -65.163954,
        -26.819335
       ],
       [
        -65.164504,
        -26.820577
       ],
       [
        -65.165489,
        -26.820334
       ]
      ]
     ]
    ]
   }
  },
  {
   "type": "Feature",
   "properties": {
    "nombre": "CARTONEROS",
    "revisar": false
   },
   "geometry": {
    "type": "MultiPolygon",
    "coordinates": [
     [
      [
       [
        -65.166727,
        -26.82536
       ],
       [
        -65.166464,
        -26.824995
       ],
       [
        -65.166376,
        -26.824866
       ],
       [
        -65.166373,
        -26.824859
       ],
       [
        -65.166371,
        -26.824848
       ],
       [
        -65.16637,
        -26.824835
       ],
       [
        -65.166371,
        -26.824818
       ],
       [
        -65.166378,
        -26.824796
       ],
       [
        -65.166395,
        -26.824769
       ],
       [
        -65.166861,
        -26.824512
       ],
       [
        -65.167341,
        -26.824421
       ],
       [
        -65.167577,
        -26.824421
       ],
       [
        -65.167867,
        -26.824426
       ],
       [
        -65.16896,
        -26.82445
       ],
       [
        -65.170278,
        -26.824385
       ],
       [
        -65.171537,
        -26.824306
       ],
       [
        -65.171969,
        -26.824251
       ],
       [
        -65.172176,
        -26.824377
       ],
       [
        -65.171805,
        -26.824428
       ],
       [
        -65.17152,
        -26.824468
       ],
       [
        -65.169365,
        -26.825053
       ],
       [
        -65.168789,
        -26.825187
       ],
       [
        -65.168104,
        -26.825489
       ],
       [
        -65.167633,
        -26.82575
       ],
       [
        -65.167172,
        -26.825991
       ],
       [
        -65.166727,
        -26.82536
       ]
      ]
     ]
    ]
   }
  },
  {
   "type": "Feature",
   "properties": {
    "nombre": "CASTILLO",
    "revisar": false
   },
   "geometry": {
    "type": "MultiPolygon",
    "coordinates": [
     [
      [
       [
        -65.181306,
        -26.795151
       ],
       [
        -65.181618,
        -26.79628
       ],
       [
        -65.179591,
        -26.796707
       ],
       [
        -65.179285,
        -26.795593
       ],
       [
        -65.181306,
        -26.795151
       ]
      ]
     ]
    ]
   }
  },
  {
   "type": "Feature",
   "properties": {
    "nombre": "CGT",
    "revisar": false
   },
   "geometry": {
    "type": "MultiPolygon",
    "coordinates": [
     [
      [
       [
        -65.226451,
        -26.880677
       ],
       [
        -65.227024,
        -26.88174
       ],
       [
        -65.22573,
        -26.882409
       ],
       [
        -65.221529,
        -26.883764
       ],
       [
        -65.220869,
        -26.881843
       ],
       [
        -65.221403,
        -26.881739
       ],
       [
        -65.226451,
        -26.880677
       ]
      ]
     ]
    ]
   }
  },
  {
   "type": "Feature",
   "properties": {
    "nombre": "CHRISTIE",
    "revisar": false
   },
   "geometry": {
    "type": "MultiPolygon",
    "coordinates": [
     [
      [
       [
        -65.199049,
        -26.800233
       ],
       [
        -65.199097,
        -26.800449
       ],
       [
        -65.199143,
        -26.800655
       ],
       [
        -65.197621,
        -26.800906
       ],
       [
        -65.197552,
        -26.800491
       ],
       [
        -65.199049,
        -26.800233
       ]
      ]
     ]
    ]
   }
  },
  {
   "type": "Feature",
   "properties": {
    "nombre": "CIUDAD DE DIOS (128 VIVIENDAS)",
    "revisar": false
   },
   "geometry": {
    "type": "MultiPolygon",
    "coordinates": [
     [
      [
       [
        -65.225311,
        -26.799832
       ],
       [
        -65.225779,
        -26.801496
       ],
       [
        -65.222667,
        -26.802092
       ],
       [
        -65.222175,
        -26.800423
       ],
       [
        -65.225311,
        -26.799832
       ]
      ]
     ]
    ]
   }
  },
  {
   "type": "Feature",
   "properties": {
    "nombre": "CIUDAD JARDIN",
    "revisar": false
   },
   "geometry": {
    "type": "MultiPolygon",
    "coordinates": [
     [
      [
       [
        -65.247121,
        -26.841849
       ],
       [
        -65.24529,
        -26.842206
       ],
       [
        -65.245381,
        -26.842606
       ],
       [
        -65.247219,
        -26.842239
       ],
       [
        -65.247386,
        -26.842909
       ],
       [
        -65.247074,
        -26.842969
       ],
       [
        -65.242271,
        -26.843919
       ],
       [
        -65.242806,
        -26.845899
       ],
       [
        -65.238296,
        -26.846811
       ],
       [
        -65.237992,
        -26.845718
       ],
       [
        -65.237811,
        -26.845067
       ],
       [
        -65.237748,
        -26.844839
       ],
       [
        -65.237087,
        -26.843584
       ],
       [
        -65.24283,
        -26.842358
       ],
       [
        -65.243933,
        -26.842151
       ],
       [
        -65.24705,
        -26.841564
       ],
       [
        -65.247121,
        -26.841849
       ]
      ]
     ]
    ]
   }
  },
  {
   "type": "Feature",
   "properties": {
    "nombre": "CIUDAD PARQUE",
    "revisar": false
   },
   "geometry": {
    "type": "MultiPolygon",
    "coordinates": [
     [
      [
       [
        -65.257503,
        -26.806252
       ],
       [
        -65.257711,
        -26.807406
       ],
       [
        -65.257711,
        -26.807406
       ],
       [
        -65.258885,
        -26.812345
       ],
       [
        -65.259405,
        -26.812254
       ],
       [
        -65.259441,
        -26.812624
       ],
       [
        -65.259599,
        -26.814238
       ],
       [
        -65.258301,
        -26.814473
       ],
       [
        -65.257236,
        -26.814666
       ],
       [
        -65.256143,
        -26.814898
       ],
       [
        -65.255807,
        -26.813342
       ],
       [
        -65.255613,
        -26.813287
       ],
       [
        -65.25228,
        -26.813956
       ],
       [
        -65.250864,
        -26.814365
       ],
       [
        -65.249502,
        -26.814602
       ],
       [
        -65.248586,
        -26.810648
       ],
       [
        -65.251444,
        -26.810055
       ],
       [
        -65.250878,
        -26.807452
       ],
       [
        -65.252864,
        -26.807052
       ],
       [
        -65.257503,
        -26.806252
       ]
      ]
     ]
    ]
   }
  },
  {
   "type": "Feature",
   "properties": {
    "nombre": "CIUDADELA",
    "revisar": false
   },
   "geometry": {
    "type": "MultiPolygon",
    "coordinates": [
     [
      [
       [
        -65.234429,
        -26.833979
       ],
       [
        -65.234448,
        -26.834051
       ],
       [
        -65.234448,
        -26.834051
       ],
       [
        -65.235399,
        -26.837689
       ],
       [
        -65.234206,
        -26.837959
       ],
       [
        -65.228513,
        -26.839073
       ],
       [
        -65.221476,
        -26.840449
       ],
       [
        -65.218615,
        -26.828204
       ],
       [
        -65.224419,
        -26.826879
       ],
       [
        -65.229169,
        -26.825794
       ],
       [
        -65.23215,
        -26.825113
       ],
       [
        -65.232489,
        -26.826392
       ],
       [
        -65.233145,
        -26.828873
       ],
       [
        -65.234429,
        -26.833979
       ]
      ]
     ]
    ]
   }
  },
  {
   "type": "Feature",
   "properties": {
    "nombre": "CIUDADELA SUR",
    "revisar": false
   },
   "geometry": {
    "type": "MultiPolygon",
    "coordinates": [
     [
      [
       [
        -65.221476,
        -26.840449
       ],
       [
        -65.228513,
        -26.839073
       ],
       [
        -65.229152,
        -26.841294
       ],
       [
        -65.225966,
        -26.842302
       ],
       [
        -65.226924,
        -26.845073
       ],
       [
        -65.222747,
        -26.84594
       ],
       [
        -65.221476,
        -26.840449
       ],
       [
        -65.221476,
        -26.840449
       ]
      ]
     ]
    ]
   }
  },
  {
   "type": "Feature",
   "properties": {
    "nombre": "CONGRESO",
    "revisar": false
   },
   "geometry": {
    "type": "MultiPolygon",
    "coordinates": [
     [
      [
       [
        -65.252271,
        -26.78715
       ],
       [
        -65.252297,
        -26.78713
       ],
       [
        -65.253233,
        -26.78813
       ],
       [
        -65.254996,
        -26.790015
       ],
       [
        -65.25492,
        -26.79024
       ],
       [
        -65.25472,
        -26.790439
       ],
       [
        -65.254481,
        -26.790573
       ],
       [
        -65.250528,
        -26.793519
       ],
       [
        -65.249971,
        -26.793568
       ],
       [
        -65.249361,
        -26.793118
       ],
       [
        -65.251285,
        -26.791685
       ],
       [
        -65.24922,
        -26.789455
       ],
       [
        -65.252271,
        -26.78715
       ]
      ]
     ]
    ]
   }
  },
  {
   "type": "Feature",
   "properties": {
    "nombre": "COOFARAL (FARMACEUTICO)",
    "revisar": false
   },
   "geometry": {
    "type": "MultiPolygon",
    "coordinates": [
     [
      [
       [
        -65.252394,
        -26.796988
       ],
       [
        -65.251516,
        -26.795275
       ],
       [
        -65.256291,
        -26.793848
       ],
       [
        -65.256477,
        -26.794354
       ],
       [
        -65.254862,
        -26.794838
       ],
       [
        -65.25562,
        -26.796932
       ],
       [
        -65.254245,
        -26.797355
       ],
       [
        -65.254069,
        -26.796891
       ],
       [
        -65.252394,
        -26.796988
       ]
      ]
     ]
    ]
   }
  },
  {
   "type": "Feature",
   "properties": {
    "nombre": "COOP. GÜMES (LA MERCED)",
    "revisar": false
   },
   "geometry": {
    "type": "MultiPolygon",
    "coordinates": [
     [
      [
       [
        -65.256239,
        -26.802565
       ],
       [
        -65.260042,
        -26.800947
       ],
       [
        -65.260256,
        -26.801628
       ],
       [
        -65.256752,
        -26.803105
       ],
       [
        -65.256239,
        -26.802565
       ]
      ]
     ]
    ]
   }
  },
  {
   "type": "Feature",
   "properties": {
    "nombre": "COOPERATIVA 19 DE MARZO",
    "revisar": false
   },
   "geometry": {
    "type": "MultiPolygon",
    "coordinates": [
     [
      [
       [
        -65.198561,
        -26.85705
       ],
       [
        -65.198213,
        -26.857158
       ],
       [
        -65.197182,
        -26.857479
       ],
       [
        -65.195547,
        -26.8579
       ],
       [
        -65.194772,
        -26.855122
       ],
       [
        -65.199145,
        -26.854204
       ],
       [
        -65.199876,
        -26.856644
       ],
       [
        -65.198491,
        -26.856831
       ],
       [
        -65.198561,
        -26.85705
       ]
      ]
     ]
    ]
   }
  },
  {
   "type": "Feature",
   "properties": {
    "nombre": "COPERGET",
    "revisar": false
   },
   "geometry": {
    "type": "MultiPolygon",
    "coordinates": [
     [
      [
       [
        -65.244241,
        -26.792194
       ],
       [
        -65.244401,
        -26.792168
       ],
       [
        -65.245762,
        -26.791939
       ],
       [
        -65.24694,
        -26.791741
       ],
       [
        -65.248402,
        -26.792845
       ],
       [
        -65.246052,
        -26.793274
       ],
       [
        -65.244636,
        -26.793479
       ],
       [
        -65.244514,
        -26.793497
       ],
       [
        -65.244241,
        -26.792194
       ]
      ]
     ]
    ]
   }
  },
  {
   "type": "Feature",
   "properties": {
    "nombre": "COPERGET II",
    "revisar": false
   },
   "geometry": {
    "type": "MultiPolygon",
    "coordinates": [
     [
      [
       [
        -65.246615,
        -26.796067
       ],
       [
        -65.246408,
        -26.795087
       ],
       [
        -65.247728,
        -26.794847
       ],
       [
        -65.247573,
        -26.794116
       ],
       [
        -65.24901,
        -26.793869
       ],
       [
        -65.249336,
        -26.793569
       ],
       [
        -65.249878,
        -26.793962
       ],
       [
        -65.250675,
        -26.794878
       ],
       [
        -65.250933,
        -26.795403
       ],
       [
        -65.251031,
        -26.79566
       ],
       [
        -65.24944,
        -26.795947
       ],
       [
        -65.249363,
        -26.795593
       ],
       [
        -65.246615,
        -26.796067
       ]
      ]
     ]
    ]
   }
  },
  {
   "type": "Feature",
   "properties": {
    "nombre": "COPIAAT I",
    "revisar": false
   },
   "geometry": {
    "type": "MultiPolygon",
    "coordinates": [
     [
      [
       [
        -65.174219,
        -26.822206
       ],
       [
        -65.173703,
        -26.821436
       ],
       [
        -65.172814,
        -26.817794
       ],
       [
        -65.173529,
        -26.817678
       ],
       [
        -65.175215,
        -26.821952
       ],
       [
        -65.174555,
        -26.822121
       ],
       [
        -65.174219,
        -26.822206
       ]
      ]
     ]
    ]
   }
  },
  {
   "type": "Feature",
   "properties": {
    "nombre": "COPIAT II",
    "revisar": false
   },
   "geometry": {
    "type": "MultiPolygon",
    "coordinates": [
     [
      [
       [
        -65.232903,
        -26.852449
       ],
       [
        -65.232542,
        -26.85117
       ],
       [
        -65.235748,
        -26.850572
       ],
       [
        -65.236058,
        -26.851845
       ],
       [
        -65.232903,
        -26.852449
       ]
      ]
     ]
    ]
   }
  },
  {
   "type": "Feature",
   "properties": {
    "nombre": "COSTANERA NORTE",
    "revisar": false
   },
   "geometry": {
    "type": "MultiPolygon",
    "coordinates": [
     [
      [
       [
        -65.171159,
        -26.828746
       ],
       [
        -65.171081,
        -26.829221
       ],
       [
        -65.171455,
        -26.829794
       ],
       [
        -65.172032,
        -26.830952
       ],
       [
        -65.172211,
        -26.831165
       ],
       [
        -65.172341,
        -26.831321
       ],
       [
        -65.172518,
        -26.831593
       ],
       [
        -65.172518,
        -26.831593
       ],
       [
        -65.172593,
        -26.83171
       ],
       [
        -65.171922,
        -26.831979
       ],
       [
        -65.170832,
        -26.830388
       ],
       [
        -65.170399,
        -26.830349
       ],
       [
        -65.170055,
        -26.83023
       ],
       [
        -65.169834,
        -26.829967
       ],
       [
        -65.169695,
        -26.829592
       ],
       [
        -65.168863,
        -26.828365
       ],
       [
        -65.168525,
        -26.827877
       ],
       [
        -65.167714,
        -26.826741
       ],
       [
        -65.167535,
        -26.826445
       ],
       [
        -65.167173,
        -26.825991
       ],
       [
        -65.167624,
        -26.825754
       ],
       [
        -65.168104,
        -26.825489
       ],
       [
        -65.16841,
        -26.825358
       ],
       [
        -65.168422,
        -26.825352
       ],
       [
        -65.168436,
        -26.825344
       ],
       [
        -65.168794,
        -26.825187
       ],
       [
        -65.168805,
        -26.825204
       ],
       [
        -65.168987,
        -26.825477
       ],
       [
        -65.16955,
        -26.825839
       ],
       [
        -65.169862,
        -26.826049
       ],
       [
        -65.170464,
        -26.826453
       ],
       [
        -65.170639,
        -26.826988
       ],
       [
        -65.170754,
        -26.827381
       ],
       [
        -65.170845,
        -26.827663
       ],
       [
        -65.171159,
        -26.828746
       ]
      ]
     ]
    ]
   }
  },
  {
   "type": "Feature",
   "properties": {
    "nombre": "CRUCERO ARA GENERAL BELGRANO",
    "revisar": false
   },
   "geometry": {
    "type": "MultiPolygon",
    "coordinates": [
     [
      [
       [
        -65.223148,
        -26.873478
       ],
       [
        -65.223148,
        -26.873478
       ],
       [
        -65.223366,
        -26.873956
       ],
       [
        -65.224215,
        -26.875826
       ],
       [
        -65.223451,
        -26.875966
       ],
       [
        -65.216724,
        -26.877238
       ],
       [
        -65.21519,
        -26.874856
       ],
       [
        -65.221255,
        -26.873706
       ],
       [
        -65.223081,
        -26.873333
       ],
       [
        -65.223148,
        -26.873478
       ]
      ]
     ]
    ]
   }
  },
  {
   "type": "Feature",
   "properties": {
    "nombre": "CRUCERO GENERAL BELGRANO",
    "revisar": false
   },
   "geometry": {
    "type": "MultiPolygon",
    "coordinates": [
     [
      [
       [
        -65.193907,
        -26.855321
       ],
       [
        -65.194772,
        -26.855122
       ],
       [
        -65.195547,
        -26.8579
       ],
       [
        -65.193479,
        -26.858356
       ],
       [
        -65.193296,
        -26.8584
       ],
       [
        -65.193065,
        -26.857468
       ],
       [
        -65.192771,
        -26.856347
       ],
       [
        -65.193466,
        -26.855423
       ],
       [
        -65.193907,
        -26.855321
       ]
      ]
     ]
    ]
   }
  },
  {
   "type": "Feature",
   "properties": {
    "nombre": "DIEGO DE VILLARROEL",
    "revisar": false
   },
   "geometry": {
    "type": "MultiPolygon",
    "coordinates": [
     [
      [
       [
        -65.19388,
        -26.859404
       ],
       [
        -65.194106,
        -26.859353
       ],
       [
        -65.194348,
        -26.8593
       ],
       [
        -65.194771,
        -26.859205
       ],
       [
        -65.19504,
        -26.859145
       ],
       [
        -65.19564,
        -26.859011
       ],
       [
        -65.195951,
        -26.86014
       ],
       [
        -65.194295,
        -26.860518
       ],
       [
        -65.19388,
        -26.859404
       ]
      ]
     ]
    ]
   }
  },
  {
   "type": "Feature",
   "properties": {
    "nombre": "DON BOSCO",
    "revisar": false
   },
   "geometry": {
    "type": "MultiPolygon",
    "coordinates": [
     [
      [
       [
        -65.218286,
        -26.815251
       ],
       [
        -65.229098,
        -26.813197
       ],
       [
        -65.229202,
        -26.813355
       ],
       [
        -65.22979,
        -26.814549
       ],
       [
        -65.230494,
        -26.816993
       ],
       [
        -65.230822,
        -26.818243
       ],
       [
        -65.23135,
        -26.820693
       ],
       [
        -65.23162,
        -26.822072
       ],
       [
        -65.23177,
        -26.823183
       ],
       [
        -65.231982,
        -26.824155
       ],
       [
        -65.23215,
        -26.825113
       ],
       [
        -65.229169,
        -26.825794
       ],
       [
        -65.224419,
        -26.826879
       ],
       [
        -65.218615,
        -26.828204
       ],
       [
        -65.215448,
        -26.816247
       ],
       [
        -65.215649,
        -26.816058
       ],
       [
        -65.215626,
        -26.815756
       ],
       [
        -65.218286,
        -26.815251
       ]
      ]
     ]
    ]
   }
  },
  {
   "type": "Feature",
   "properties": {
    "nombre": "ECHEVERRIA",
    "revisar": false
   },
   "geometry": {
    "type": "MultiPolygon",
    "coordinates": [
     [
      [
       [
        -65.235723,
        -26.800667
       ],
       [
        -65.234138,
        -26.80093
       ],
       [
        -65.229122,
        -26.80187
       ],
       [
        -65.229821,
        -26.80449
       ],
       [
        -65.230564,
        -26.807053
       ],
       [
        -65.227511,
        -26.807657
       ],
       [
        -65.226772,
        -26.805044
       ],
       [
        -65.225311,
        -26.799832
       ],
       [
        -65.224923,
        -26.798424
       ],
       [
        -65.223623,
        -26.793712
       ],
       [
        -65.223528,
        -26.79337
       ],
       [
        -65.2235,
        -26.793265
       ],
       [
        -65.229009,
        -26.792246
       ],
       [
        -65.233633,
        -26.79139
       ],
       [
        -65.234265,
        -26.794082
       ],
       [
        -65.234623,
        -26.795782
       ],
       [
        -65.235105,
        -26.797783
       ],
       [
        -65.235545,
        -26.799914
       ],
       [
        -65.235723,
        -26.800667
       ]
      ]
     ]
    ]
   }
  },
  {
   "type": "Feature",
   "properties": {
    "nombre": "EGEO",
    "revisar": false
   },
   "geometry": {
    "type": "MultiPolygon",
    "coordinates": [
     [
      [
       [
        -65.214335,
        -26.857489
       ],
       [
        -65.214335,
        -26.857489
       ],
       [
        -65.211168,
        -26.858044
       ],
       [
        -65.210611,
        -26.855586
       ],
       [
        -65.213743,
        -26.854877
       ],
       [
        -65.214335,
        -26.857489
       ]
      ]
     ]
    ]
   }
  },
  {
   "type": "Feature",
   "properties": {
    "nombre": "EJERCITO ARGENTINO",
    "revisar": false
   },
   "geometry": {
    "type": "MultiPolygon",
    "coordinates": [
     [
      [
       [
        -65.249012,
        -26.850361
       ],
       [
        -65.24901,
        -26.850331
       ],
       [
        -65.24901,
        -26.850331
       ],
       [
        -65.249012,
        -26.850361
       ],
       [
        -65.247483,
        -26.85067
       ],
       [
        -65.245232,
        -26.851125
       ],
       [
        -65.244219,
        -26.851331
       ],
       [
        -65.24024,
        -26.852133
       ],
       [
        -65.239046,
        -26.849594
       ],
       [
        -65.238752,
        -26.848968
       ],
       [
        -65.23855,
        -26.848012
       ],
       [
        -65.238296,
        -26.846811
       ],
       [
        -65.242806,
        -26.845899
       ],
       [
        -65.242271,
        -26.843919
       ],
       [
        -65.247086,
        -26.842969
       ],
       [
        -65.247162,
        -26.843266
       ],
       [
        -65.247269,
        -26.843683
       ],
       [
        -65.247162,
        -26.843266
       ],
       [
        -65.247269,
        -26.843683
       ],
       [
        -65.247269,
        -26.843683
       ],
       [
        -65.247408,
        -26.844262
       ],
       [
        -65.248123,
        -26.84701
       ],
       [
        -65.249012,
        -26.850361
       ]
      ]
     ]
    ]
   }
  },
  {
   "type": "Feature",
   "properties": {
    "nombre": "EL BAJO",
    "revisar": false
   },
   "geometry": {
    "type": "MultiPolygon",
    "coordinates": [
     [
      [
       [
        -65.193913,
        -26.83005
       ],
       [
        -65.19646,
        -26.829609
       ],
       [
        -65.199139,
        -26.829158
       ],
       [
        -65.201152,
        -26.828877
       ],
       [
        -65.201632,
        -26.830914
       ],
       [
        -65.202136,
        -26.832942
       ],
       [
        -65.197479,
        -26.833961
       ],
       [
        -65.198494,
        -26.838136
       ],
       [
        -65.196025,
        -26.838808
       ],
       [
        -65.195408,
        -26.83615
       ],
       [
        -65.193913,
        -26.83005
       ]
      ]
     ]
    ]
   }
  },
  {
   "type": "Feature",
   "properties": {
    "nombre": "EL BOSQUE",
    "revisar": false
   },
   "geometry": {
    "type": "MultiPolygon",
    "coordinates": [
     [
      [
       [
        -65.222409,
        -26.807204
       ],
       [
        -65.222823,
        -26.808679
       ],
       [
        -65.221752,
        -26.808916
       ],
       [
        -65.222081,
        -26.810315
       ],
       [
        -65.223608,
        -26.810005
       ],
       [
        -65.223906,
        -26.811358
       ],
       [
        -65.225415,
        -26.811093
       ],
       [
        -65.225103,
        -26.809739
       ],
       [
        -65.227941,
        -26.809245
       ],
       [
        -65.22826,
        -26.81054
       ],
       [
        -65.229098,
        -26.813197
       ],
       [
        -65.225968,
        -26.813757
       ],
       [
        -65.218286,
        -26.815251
       ],
       [
        -65.217592,
        -26.812549
       ],
       [
        -65.214729,
        -26.813102
       ],
       [
        -65.213196,
        -26.806575
       ],
       [
        -65.219319,
        -26.805391
       ],
       [
        -65.219975,
        -26.807678
       ],
       [
        -65.222409,
        -26.807204
       ]
      ]
     ]
    ]
   }
  },
  {
   "type": "Feature",
   "properties": {
    "nombre": "EL CHIVERO",
    "revisar": false
   },
   "geometry": {
    "type": "MultiPolygon",
    "coordinates": [
     [
      [
       [
        -65.21242,
        -26.807048
       ],
       [
        -65.212172,
        -26.807693
       ],
       [
        -65.211942,
        -26.808292
       ],
       [
        -65.211836,
        -26.808567
       ],
       [
        -65.211713,
        -26.808888
       ],
       [
        -65.211699,
        -26.809002
       ],
       [
        -65.211683,
        -26.809138
       ],
       [
        -65.211635,
        -26.809534
       ],
       [
        -65.21156,
        -26.810156
       ],
       [
        -65.211453,
        -26.811042
       ],
       [
        -65.211187,
        -26.811635
       ],
       [
        -65.210987,
        -26.812082
       ],
       [
        -65.21055,
        -26.812583
       ],
       [
        -65.209299,
        -26.812898
       ],
       [
        -65.208994,
        -26.812477
       ],
       [
        -65.208503,
        -26.811799
       ],
       [
        -65.209092,
        -26.811069
       ],
       [
        -65.210049,
        -26.809884
       ],
       [
        -65.210366,
        -26.809488
       ],
       [
        -65.21087,
        -26.808852
       ],
       [
        -65.211257,
        -26.808365
       ],
       [
        -65.211373,
        -26.808218
       ],
       [
        -65.211732,
        -26.807766
       ],
       [
        -65.211763,
        -26.807726
       ],
       [
        -65.211823,
        -26.80765
       ],
       [
        -65.212128,
        -26.807266
       ],
       [
        -65.212213,
        -26.807158
       ],
       [
        -65.212399,
        -26.806923
       ],
       [
        -65.212532,
        -26.806756
       ],
       [
        -65.21242,
        -26.807048
       ]
      ]
     ]
    ]
   }
  },
  {
   "type": "Feature",
   "properties": {
    "nombre": "EL CRUCE",
    "revisar": false
   },
   "geometry": {
    "type": "MultiPolygon",
    "coordinates": [
     [
      [
       [
        -65.219901,
        -26.846486
       ],
       [
        -65.21861,
        -26.841062
       ],
       [
        -65.221476,
        -26.840449
       ],
       [
        -65.222747,
        -26.84594
       ],
       [
        -65.219901,
        -26.846486
       ]
      ]
     ]
    ]
   }
  },
  {
   "type": "Feature",
   "properties": {
    "nombre": "EL EMPALME",
    "revisar": false
   },
   "geometry": {
    "type": "MultiPolygon",
    "coordinates": [
     [
      [
       [
        -65.218979,
        -26.80429
       ],
       [
        -65.218979,
        -26.80429
       ],
       [
        -65.218979,
        -26.80429
       ],
       [
        -65.219319,
        -26.805391
       ],
       [
        -65.213196,
        -26.806575
       ],
       [
        -65.21316,
        -26.806256
       ],
       [
        -65.213823,
        -26.8053
       ],
       [
        -65.218979,
        -26.80429
       ]
      ]
     ]
    ]
   }
  },
  {
   "type": "Feature",
   "properties": {
    "nombre": "EL GRAFICO I",
    "revisar": false
   },
   "geometry": {
    "type": "MultiPolygon",
    "coordinates": [
     [
      [
       [
        -65.234339,
        -26.856269
       ],
       [
        -65.23446,
        -26.857016
       ],
       [
        -65.23454,
        -26.857515
       ],
       [
        -65.233063,
        -26.857814
       ],
       [
        -65.229233,
        -26.858588
       ],
       [
        -65.227862,
        -26.858866
       ],
       [
        -65.227049,
        -26.858296
       ],
       [
        -65.226292,
        -26.857766
       ],
       [
        -65.22697,
        -26.857643
       ],
       [
        -65.228283,
        -26.857406
       ],
       [
        -65.229652,
        -26.857141
       ],
       [
        -65.230599,
        -26.856965
       ],
       [
        -65.232766,
        -26.856562
       ],
       [
        -65.234339,
        -26.856269
       ]
      ]
     ]
    ]
   }
  },
  {
   "type": "Feature",
   "properties": {
    "nombre": "EL GRAFICO II",
    "revisar": false
   },
   "geometry": {
    "type": "MultiPolygon",
    "coordinates": [
     [
      [
       [
        -65.249892,
        -26.850174
       ],
       [
        -65.249892,
        -26.850174
       ],
       [
        -65.249778,
        -26.850446
       ],
       [
        -65.249537,
        -26.851016
       ],
       [
        -65.249414,
        -26.851309
       ],
       [
        -65.249331,
        -26.851486
       ],
       [
        -65.249151,
        -26.851874
       ],
       [
        -65.24867,
        -26.852764
       ],
       [
        -65.248283,
        -26.85313
       ],
       [
        -65.245867,
        -26.853584
       ],
       [
        -65.245232,
        -26.851125
       ],
       [
        -65.245232,
        -26.851125
       ],
       [
        -65.249012,
        -26.850361
       ],
       [
        -65.249892,
        -26.850174
       ]
      ]
     ]
    ]
   }
  },
  {
   "type": "Feature",
   "properties": {
    "nombre": "EL MANANTIAL (COOPERATIVA 2 DE ABRIL)",
    "revisar": false
   },
   "geometry": {
    "type": "MultiPolygon",
    "coordinates": [
     [
      [
       [
        -65.26433,
        -26.839745
       ],
       [
        -65.26433,
        -26.839745
       ],
       [
        -65.263455,
        -26.839887
       ],
       [
        -65.263395,
        -26.839492
       ],
       [
        -65.26336,
        -26.839496
       ],
       [
        -65.263217,
        -26.838548
       ],
       [
        -65.263824,
        -26.838988
       ],
       [
        -65.264208,
        -26.839269
       ],
       [
        -65.264273,
        -26.839317
       ],
       [
        -65.26433,
        -26.839745
       ]
      ]
     ]
    ]
   }
  },
  {
   "type": "Feature",
   "properties": {
    "nombre": "EL MANANTIAL I",
    "revisar": false
   },
   "geometry": {
    "type": "MultiPolygon",
    "coordinates": [
     [
      [
       [
        -65.271679,
        -26.853223
       ],
       [
        -65.268757,
        -26.853892
       ],
       [
        -65.268712,
        -26.853758
       ],
       [
        -65.267557,
        -26.85402
       ],
       [
        -65.267376,
        -26.853387
       ],
       [
        -65.265547,
        -26.85375
       ],
       [
        -65.265154,
        -26.852647
       ],
       [
        -65.266803,
        -26.852335
       ],
       [
        -65.26797,
        -26.852115
       ],
       [
        -65.268151,
        -26.852249
       ],
       [
        -65.268294,
        -26.852611
       ],
       [
        -65.269549,
        -26.852498
       ],
       [
        -65.27106,
        -26.852052
       ],
       [
        -65.271034,
        -26.851849
       ],
       [
        -65.271291,
        -26.851772
       ],
       [
        -65.271679,
        -26.853223
       ]
      ]
     ]
    ]
   }
  },
  {
   "type": "Feature",
   "properties": {
    "nombre": "EL MANANTIAL I (AMPLIACION)",
    "revisar": false
   },
   "geometry": {
    "type": "MultiPolygon",
    "coordinates": [
     [
      [
       [
        -65.271291,
        -26.851772
       ],
       [
        -65.271385,
        -26.851745
       ],
       [
        -65.274675,
        -26.850857
       ],
       [
        -65.274701,
        -26.851429
       ],
       [
        -65.27432,
        -26.85213
       ],
       [
        -65.273956,
        -26.852182
       ],
       [
        -65.273618,
        -26.852779
       ],
       [
        -65.271679,
        -26.853223
       ],
       [
        -65.271291,
        -26.851772
       ]
      ]
     ]
    ]
   }
  },
  {
   "type": "Feature",
   "properties": {
    "nombre": "EL MANANTIAL II",
    "revisar": false
   },
   "geometry": {
    "type": "MultiPolygon",
    "coordinates": [
     [
      [
       [
        -65.266097,
        -26.855256
       ],
       [
        -65.265549,
        -26.853747
       ],
       [
        -65.265889,
        -26.853684
       ],
       [
        -65.267376,
        -26.853387
       ],
       [
        -65.267557,
        -26.85402
       ],
       [
        -65.267853,
        -26.855317
       ],
       [
        -65.266593,
        -26.85558
       ],
       [
        -65.266893,
        -26.85673
       ],
       [
        -65.265113,
        -26.857089
       ],
       [
        -65.264829,
        -26.857023
       ],
       [
        -65.264615,
        -26.856789
       ],
       [
        -65.264317,
        -26.855634
       ],
       [
        -65.266097,
        -26.855256
       ]
      ]
     ]
    ]
   }
  },
  {
   "type": "Feature",
   "properties": {
    "nombre": "EL MANANTIAL II (76 VIVIENDAS)",
    "revisar": false
   },
   "geometry": {
    "type": "MultiPolygon",
    "coordinates": [
     [
      [
       [
        -65.258408,
        -26.858788
       ],
       [
        -65.257404,
        -26.858968
       ],
       [
        -65.256781,
        -26.856161
       ],
       [
        -65.257334,
        -26.856055
       ],
       [
        -65.257206,
        -26.855558
       ],
       [
        -65.259168,
        -26.855079
       ],
       [
        -65.259078,
        -26.854706
       ],
       [
        -65.260915,
        -26.854302
       ],
       [
        -65.261392,
        -26.854772
       ],
       [
        -65.261661,
        -26.854998
       ],
       [
        -65.262033,
        -26.855004
       ],
       [
        -65.262401,
        -26.855108
       ],
       [
        -65.2624,
        -26.8552
       ],
       [
        -65.262083,
        -26.855133
       ],
       [
        -65.25952,
        -26.855629
       ],
       [
        -65.259693,
        -26.856501
       ],
       [
        -65.25976,
        -26.856768
       ],
       [
        -65.259984,
        -26.857746
       ],
       [
        -65.260135,
        -26.858452
       ],
       [
        -65.26014,
        -26.858461
       ],
       [
        -65.258408,
        -26.858788
       ]
      ]
     ]
    ]
   }
  },
  {
   "type": "Feature",
   "properties": {
    "nombre": "EL MOLINO",
    "revisar": false
   },
   "geometry": {
    "type": "MultiPolygon",
    "coordinates": [
     [
      [
       [
        -65.186482,
        -26.807481
       ],
       [
        -65.183696,
        -26.808007
       ],
       [
        -65.182725,
        -26.806652
       ],
       [
        -65.182393,
        -26.806081
       ],
       [
        -65.181946,
        -26.805308
       ],
       [
        -65.185791,
        -26.804558
       ],
       [
        -65.186482,
        -26.807481
       ]
      ]
     ]
    ]
   }
  },
  {
   "type": "Feature",
   "properties": {
    "nombre": "EL PARQUE",
    "revisar": false
   },
   "geometry": {
    "type": "MultiPolygon",
    "coordinates": [
     [
      [
       [
        -65.181062,
        -26.835632
       ],
       [
        -65.178019,
        -26.836281
       ],
       [
        -65.177643,
        -26.834835
       ],
       [
        -65.176789,
        -26.834951
       ],
       [
        -65.175705,
        -26.83068
       ],
       [
        -65.179694,
        -26.829904
       ],
       [
        -65.181062,
        -26.835632
       ]
      ]
     ]
    ]
   }
  },
  {
   "type": "Feature",
   "properties": {
    "nombre": "EL TREBOL",
    "revisar": false
   },
   "geometry": {
    "type": "MultiPolygon",
    "coordinates": [
     [
      [
       [
        -65.174695,
        -26.830862
       ],
       [
        -65.175043,
        -26.832312
       ],
       [
        -65.175427,
        -26.833912
       ],
       [
        -65.174997,
        -26.833996
       ],
       [
        -65.174384,
        -26.834108
       ],
       [
        -65.174225,
        -26.834149
       ],
       [
        -65.173849,
        -26.834232
       ],
       [
        -65.173379,
        -26.834336
       ],
       [
        -65.172645,
        -26.833148
       ],
       [
        -65.172267,
        -26.832537
       ],
       [
        -65.172267,
        -26.832537
       ],
       [
        -65.171922,
        -26.831979
       ],
       [
        -65.172593,
        -26.83171
       ],
       [
        -65.172341,
        -26.831321
       ],
       [
        -65.174271,
        -26.830945
       ],
       [
        -65.174695,
        -26.830862
       ]
      ]
     ]
    ]
   }
  },
  {
   "type": "Feature",
   "properties": {
    "nombre": "ELENA WHITE",
    "revisar": false
   },
   "geometry": {
    "type": "MultiPolygon",
    "coordinates": [
     [
      [
       [
        -65.272646,
        -26.848202
       ],
       [
        -65.273107,
        -26.848834
       ],
       [
        -65.270869,
        -26.849179
       ],
       [
        -65.271414,
        -26.851379
       ],
       [
        -65.271017,
        -26.851797
       ],
       [
        -65.270969,
        -26.852035
       ],
       [
        -65.270024,
        -26.852196
       ],
       [
        -65.268406,
        -26.852537
       ],
       [
        -65.268151,
        -26.852249
       ],
       [
        -65.267967,
        -26.852114
       ],
       [
        -65.267295,
        -26.849338
       ],
       [
        -65.26593,
        -26.849609
       ],
       [
        -65.265349,
        -26.847131
       ],
       [
        -65.265304,
        -26.846822
       ],
       [
        -65.269356,
        -26.846017
       ],
       [
        -65.26949,
        -26.845989
       ],
       [
        -65.270504,
        -26.846514
       ],
       [
        -65.270971,
        -26.846757
       ],
       [
        -65.271959,
        -26.847269
       ],
       [
        -65.272646,
        -26.848202
       ]
      ]
     ]
    ]
   }
  },
  {
   "type": "Feature",
   "properties": {
    "nombre": "ESTACION 24 DE SETIEMBRE",
    "revisar": false
   },
   "geometry": {
    "type": "MultiPolygon",
    "coordinates": [
     [
      [
       [
        -65.244682,
        -26.835831
       ],
       [
        -65.244721,
        -26.835989
       ],
       [
        -65.244776,
        -26.836201
       ],
       [
        -65.244891,
        -26.836646
       ],
       [
        -65.243972,
        -26.836826
       ],
       [
        -65.24221,
        -26.83717
       ],
       [
        -65.238914,
        -26.837814
       ],
       [
        -65.238718,
        -26.836988
       ],
       [
        -65.241735,
        -26.83635
       ],
       [
        -65.244682,
        -26.835831
       ]
      ]
     ]
    ]
   }
  },
  {
   "type": "Feature",
   "properties": {
    "nombre": "EUCALIPTUS",
    "revisar": false
   },
   "geometry": {
    "type": "MultiPolygon",
    "coordinates": [
     [
      [
       [
        -65.190249,
        -26.84513
       ],
       [
        -65.190036,
        -26.845198
       ],
       [
        -65.189949,
        -26.845137
       ],
       [
        -65.189373,
        -26.845309
       ],
       [
        -65.188061,
        -26.845699
       ],
       [
        -65.187668,
        -26.845815
       ],
       [
        -65.186023,
        -26.84627
       ],
       [
        -65.186372,
        -26.846024
       ],
       [
        -65.186574,
        -26.845812
       ],
       [
        -65.186566,
        -26.845468
       ],
       [
        -65.190066,
        -26.844448
       ],
       [
        -65.190125,
        -26.844668
       ],
       [
        -65.190249,
        -26.84513
       ]
      ]
     ]
    ]
   }
  },
  {
   "type": "Feature",
   "properties": {
    "nombre": "EUDORO ARAOZ",
    "revisar": false
   },
   "geometry": {
    "type": "MultiPolygon",
    "coordinates": [
     [
      [
       [
        -65.23977,
        -26.808374
       ],
       [
        -65.241677,
        -26.808016
       ],
       [
        -65.247474,
        -26.806864
       ],
       [
        -65.247812,
        -26.808058
       ],
       [
        -65.248587,
        -26.81066
       ],
       [
        -65.249502,
        -26.814602
       ],
       [
        -65.249777,
        -26.815867
       ],
       [
        -65.243401,
        -26.817251
       ],
       [
        -65.243041,
        -26.8159
       ],
       [
        -65.245948,
        -26.815313
       ],
       [
        -65.245613,
        -26.814014
       ],
       [
        -65.242759,
        -26.81465
       ],
       [
        -65.241938,
        -26.810667
       ],
       [
        -65.240488,
        -26.811027
       ],
       [
        -65.23977,
        -26.808374
       ]
      ]
     ]
    ]
   }
  },
  {
   "type": "Feature",
   "properties": {
    "nombre": "EVANGELINA SALAZAR",
    "revisar": false
   },
   "geometry": {
    "type": "MultiPolygon",
    "coordinates": [
     [
      [
       [
        -65.242433,
        -26.855204
       ],
       [
        -65.242599,
        -26.855164
       ],
       [
        -65.242671,
        -26.855605
       ],
       [
        -65.242851,
        -26.855577
       ],
       [
        -65.242895,
        -26.855804
       ],
       [
        -65.242971,
        -26.856189
       ],
       [
        -65.241648,
        -26.856418
       ],
       [
        -65.241235,
        -26.856489
       ],
       [
        -65.241134,
        -26.856052
       ],
       [
        -65.241018,
        -26.855512
       ],
       [
        -65.240782,
        -26.854507
       ],
       [
        -65.24152,
        -26.854367
       ],
       [
        -65.241757,
        -26.855364
       ],
       [
        -65.242299,
        -26.855235
       ],
       [
        -65.242433,
        -26.855204
       ]
      ]
     ]
    ]
   }
  },
  {
   "type": "Feature",
   "properties": {
    "nombre": "EX AEROPUERTO",
    "revisar": false
   },
   "geometry": {
    "type": "MultiPolygon",
    "coordinates": [
     [
      [
       [
        -65.191945,
        -26.847399
       ],
       [
        -65.192149,
        -26.847613
       ],
       [
        -65.192182,
        -26.847919
       ],
       [
        -65.192175,
        -26.849514
       ],
       [
        -65.192172,
        -26.850193
       ],
       [
        -65.192134,
        -26.850987
       ],
       [
        -65.192061,
        -26.852119
       ],
       [
        -65.191982,
        -26.853339
       ],
       [
        -65.191922,
        -26.854272
       ],
       [
        -65.191564,
        -26.854836
       ],
       [
        -65.191514,
        -26.854991
       ],
       [
        -65.191435,
        -26.855393
       ],
       [
        -65.191339,
        -26.855654
       ],
       [
        -65.190843,
        -26.856009
       ],
       [
        -65.190872,
        -26.855348
       ],
       [
        -65.190929,
        -26.854052
       ],
       [
        -65.190955,
        -26.853462
       ],
       [
        -65.190982,
        -26.852841
       ],
       [
        -65.191036,
        -26.851609
       ],
       [
        -65.19106,
        -26.851066
       ],
       [
        -65.191082,
        -26.850569
       ],
       [
        -65.191095,
        -26.850254
       ],
       [
        -65.191141,
        -26.849194
       ],
       [
        -65.191209,
        -26.847619
       ],
       [
        -65.191945,
        -26.847399
       ]
      ]
     ]
    ]
   }
  },
  {
   "type": "Feature",
   "properties": {
    "nombre": "FEDERAL",
    "revisar": false
   },
   "geometry": {
    "type": "MultiPolygon",
    "coordinates": [
     [
      [
       [
        -65.219538,
        -26.881753
       ],
       [
        -65.22113,
        -26.883893
       ],
       [
        -65.221533,
        -26.884812
       ],
       [
        -65.221808,
        -26.885592
       ],
       [
        -65.221981,
        -26.88643
       ],
       [
        -65.222103,
        -26.887095
       ],
       [
        -65.22131,
        -26.887209
       ],
       [
        -65.220158,
        -26.887386
       ],
       [
        -65.219003,
        -26.884552
       ],
       [
        -65.217753,
        -26.882572
       ],
       [
        -65.219538,
        -26.881753
       ]
      ]
     ]
    ]
   }
  },
  {
   "type": "Feature",
   "properties": {
    "nombre": "FEDEVILLA I",
    "revisar": false
   },
   "geometry": {
    "type": "MultiPolygon",
    "coordinates": [
     [
      [
       [
        -65.254605,
        -26.860253
       ],
       [
        -65.255574,
        -26.860061
       ],
       [
        -65.256263,
        -26.863084
       ],
       [
        -65.255219,
        -26.863268
       ],
       [
        -65.254605,
        -26.860253
       ]
      ]
     ]
    ]
   }
  },
  {
   "type": "Feature",
   "properties": {
    "nombre": "FEDEVILLA II",
    "revisar": false
   },
   "geometry": {
    "type": "MultiPolygon",
    "coordinates": [
     [
      [
       [
        -65.254605,
        -26.860253
       ],
       [
        -65.253807,
        -26.856802
       ],
       [
        -65.254855,
        -26.85661
       ],
       [
        -65.254855,
        -26.85661
       ],
       [
        -65.255677,
        -26.860041
       ],
       [
        -65.254605,
        -26.860253
       ]
      ]
     ]
    ]
   }
  },
  {
   "type": "Feature",
   "properties": {
    "nombre": "FEDEVILLA III",
    "revisar": false
   },
   "geometry": {
    "type": "MultiPolygon",
    "coordinates": [
     [
      [
       [
        -65.255331,
        -26.855588
       ],
       [
        -65.254946,
        -26.854093
       ],
       [
        -65.256774,
        -26.853779
       ],
       [
        -65.257206,
        -26.855558
       ],
       [
        -65.257334,
        -26.856055
       ],
       [
        -65.256781,
        -26.856161
       ],
       [
        -65.257404,
        -26.858968
       ],
       [
        -65.258217,
        -26.86271
       ],
       [
        -65.256263,
        -26.863084
       ],
       [
        -65.255677,
        -26.860041
       ],
       [
        -65.254855,
        -26.85661
       ],
       [
        -65.255474,
        -26.856478
       ],
       [
        -65.255556,
        -26.856435
       ],
       [
        -65.255331,
        -26.855588
       ]
      ]
     ]
    ]
   }
  },
  {
   "type": "Feature",
   "properties": {
    "nombre": "FEDEVILLA IV",
    "revisar": false
   },
   "geometry": {
    "type": "MultiPolygon",
    "coordinates": [
     [
      [
       [
        -65.258408,
        -26.858788
       ],
       [
        -65.259256,
        -26.862511
       ],
       [
        -65.258217,
        -26.86271
       ],
       [
        -65.257404,
        -26.858968
       ],
       [
        -65.258408,
        -26.858788
       ]
      ]
     ]
    ]
   }
  },
  {
   "type": "Feature",
   "properties": {
    "nombre": "FEDEVILLA V",
    "revisar": false
   },
   "geometry": {
    "type": "MultiPolygon",
    "coordinates": [
     [
      [
       [
        -65.259256,
        -26.862511
       ],
       [
        -65.258408,
        -26.858788
       ],
       [
        -65.260142,
        -26.858456
       ],
       [
        -65.26011,
        -26.858498
       ],
       [
        -65.260946,
        -26.862169
       ],
       [
        -65.260562,
        -26.862261
       ],
       [
        -65.259256,
        -26.862511
       ]
      ]
     ]
    ]
   }
  },
  {
   "type": "Feature",
   "properties": {
    "nombre": "FEPUT",
    "revisar": false
   },
   "geometry": {
    "type": "MultiPolygon",
    "coordinates": [
     [
      [
       [
        -65.241868,
        -26.787201
       ],
       [
        -65.242139,
        -26.787394
       ],
       [
        -65.242664,
        -26.788253
       ],
       [
        -65.243117,
        -26.788614
       ],
       [
        -65.243542,
        -26.788953
       ],
       [
        -65.243736,
        -26.789837
       ],
       [
        -65.243794,
        -26.790107
       ],
       [
        -65.244023,
        -26.791177
       ],
       [
        -65.244258,
        -26.792242
       ],
       [
        -65.244345,
        -26.792693
       ],
       [
        -65.244387,
        -26.792895
       ],
       [
        -65.244445,
        -26.793168
       ],
       [
        -65.244001,
        -26.793255
       ],
       [
        -65.241899,
        -26.793667
       ],
       [
        -65.241716,
        -26.792555
       ],
       [
        -65.24152,
        -26.791309
       ],
       [
        -65.241437,
        -26.790749
       ],
       [
        -65.241343,
        -26.790241
       ],
       [
        -65.241262,
        -26.789723
       ],
       [
        -65.241173,
        -26.789155
       ],
       [
        -65.2411,
        -26.788679
       ],
       [
        -65.241022,
        -26.788168
       ],
       [
        -65.240929,
        -26.787683
       ],
       [
        -65.24159,
        -26.787344
       ],
       [
        -65.241868,
        -26.787201
       ]
      ]
     ]
    ]
   }
  },
  {
   "type": "Feature",
   "properties": {
    "nombre": "FERROVIARIO",
    "revisar": false
   },
   "geometry": {
    "type": "MultiPolygon",
    "coordinates": [
     [
      [
       [
        -65.257495,
        -26.816007
       ],
       [
        -65.258561,
        -26.815817
       ],
       [
        -65.259955,
        -26.815568
       ],
       [
        -65.260256,
        -26.816825
       ],
       [
        -65.257799,
        -26.817279
       ],
       [
        -65.257495,
        -26.816007
       ]
      ]
     ]
    ]
   }
  },
  {
   "type": "Feature",
   "properties": {
    "nombre": "FLORESTA",
    "revisar": false
   },
   "geometry": {
    "type": "MultiPolygon",
    "coordinates": [
     [
      [
       [
        -65.241166,
        -26.823129
       ],
       [
        -65.241537,
        -26.824439
       ],
       [
        -65.241869,
        -26.825615
       ],
       [
        -65.241966,
        -26.825957
       ],
       [
        -65.242331,
        -26.827248
       ],
       [
        -65.242683,
        -26.828551
       ],
       [
        -65.239791,
        -26.829153
       ],
       [
        -65.240715,
        -26.832673
       ],
       [
        -65.238977,
        -26.833034
       ],
       [
        -65.234429,
        -26.833979
       ],
       [
        -65.233234,
        -26.829207
       ],
       [
        -65.232883,
        -26.827882
       ],
       [
        -65.23215,
        -26.825113
       ],
       [
        -65.241166,
        -26.823129
       ]
      ]
     ]
    ]
   }
  },
  {
   "type": "Feature",
   "properties": {
    "nombre": "FOECYT",
    "revisar": false
   },
   "geometry": {
    "type": "MultiPolygon",
    "coordinates": [
     [
      [
       [
        -65.260256,
        -26.816825
       ],
       [
        -65.260506,
        -26.81787
       ],
       [
        -65.259191,
        -26.818123
       ],
       [
        -65.258943,
        -26.817067
       ],
       [
        -65.260256,
        -26.816825
       ]
      ]
     ]
    ]
   }
  },
  {
   "type": "Feature",
   "properties": {
    "nombre": "FRANCISCO DE AGUIRRE",
    "revisar": false
   },
   "geometry": {
    "type": "MultiPolygon",
    "coordinates": [
     [
      [
       [
        -65.21564,
        -26.791
       ],
       [
        -65.217324,
        -26.79065
       ],
       [
        -65.217434,
        -26.790625
       ],
       [
        -65.21775,
        -26.791791
       ],
       [
        -65.217343,
        -26.791867
       ],
       [
        -65.217505,
        -26.792498
       ],
       [
        -65.215519,
        -26.792919
       ],
       [
        -65.215469,
        -26.79268
       ],
       [
        -65.214349,
        -26.792892
       ],
       [
        -65.21387,
        -26.792983
       ],
       [
        -65.214131,
        -26.794282
       ],
       [
        -65.210908,
        -26.79492
       ],
       [
        -65.210303,
        -26.792144
       ],
       [
        -65.213956,
        -26.79135
       ],
       [
        -65.21564,
        -26.791
       ]
      ]
     ]
    ]
   }
  },
  {
   "type": "Feature",
   "properties": {
    "nombre": "GENTE DE PRENSA",
    "revisar": false
   },
   "geometry": {
    "type": "MultiPolygon",
    "coordinates": [
     [
      [
       [
        -65.243364,
        -26.829795
       ],
       [
        -65.243045,
        -26.82989
       ],
       [
        -65.242987,
        -26.829675
       ],
       [
        -65.242683,
        -26.828551
       ],
       [
        -65.242331,
        -26.827248
       ],
       [
        -65.244327,
        -26.826907
       ],
       [
        -65.244895,
        -26.82934
       ],
       [
        -65.243364,
        -26.829795
       ]
      ]
     ]
    ]
   }
  },
  {
   "type": "Feature",
   "properties": {
    "nombre": "GUEMES",
    "revisar": false
   },
   "geometry": {
    "type": "MultiPolygon",
    "coordinates": [
     [
      [
       [
        -65.242759,
        -26.81465
       ],
       [
        -65.243041,
        -26.8159
       ],
       [
        -65.243401,
        -26.817251
       ],
       [
        -65.242731,
        -26.817386
       ],
       [
        -65.239564,
        -26.818023
       ],
       [
        -65.239295,
        -26.816732
       ],
       [
        -65.23949,
        -26.816623
       ],
       [
        -65.238562,
        -26.812723
       ],
       [
        -65.238439,
        -26.812256
       ],
       [
        -65.238256,
        -26.811517
       ],
       [
        -65.240488,
        -26.811027
       ],
       [
        -65.241938,
        -26.810667
       ],
       [
        -65.242759,
        -26.81465
       ]
      ]
     ]
    ]
   }
  },
  {
   "type": "Feature",
   "properties": {
    "nombre": "HIPODROMO",
    "revisar": false
   },
   "geometry": {
    "type": "MultiPolygon",
    "coordinates": [
     [
      [
       [
        -65.191421,
        -26.842971
       ],
       [
        -65.191798,
        -26.844565
       ],
       [
        -65.191443,
        -26.846001
       ],
       [
        -65.191248,
        -26.846793
       ],
       [
        -65.191209,
        -26.847619
       ],
       [
        -65.190931,
        -26.847722
       ],
       [
        -65.19089,
        -26.8476
       ],
       [
        -65.19089,
        -26.8476
       ],
       [
        -65.190036,
        -26.845198
       ],
       [
        -65.190036,
        -26.845198
       ],
       [
        -65.190249,
        -26.84513
       ],
       [
        -65.191598,
        -26.844694
       ],
       [
        -65.191623,
        -26.844496
       ],
       [
        -65.191278,
        -26.842979
       ],
       [
        -65.191421,
        -26.842971
       ]
      ]
     ]
    ]
   }
  },
  {
   "type": "Feature",
   "properties": {
    "nombre": "INDEPENDENCIA I",
    "revisar": false
   },
   "geometry": {
    "type": "MultiPolygon",
    "coordinates": [
     [
      [
       [
        -65.249145,
        -26.843169
       ],
       [
        -65.249097,
        -26.842969
       ],
       [
        -65.249041,
        -26.842734
       ],
       [
        -65.250069,
        -26.842553
       ],
       [
        -65.250531,
        -26.842471
       ],
       [
        -65.250412,
        -26.841976
       ],
       [
        -65.250249,
        -26.841295
       ],
       [
        -65.252606,
        -26.841163
       ],
       [
        -65.254105,
        -26.841077
       ],
       [
        -65.253489,
        -26.842145
       ],
       [
        -65.253072,
        -26.842973
       ],
       [
        -65.252517,
        -26.844149
       ],
       [
        -65.252378,
        -26.844447
       ],
       [
        -65.251151,
        -26.844695
       ],
       [
        -65.250999,
        -26.844071
       ],
       [
        -65.250231,
        -26.844238
       ],
       [
        -65.249441,
        -26.844411
       ],
       [
        -65.2493,
        -26.84382
       ],
       [
        -65.249145,
        -26.843169
       ],
       [
        -65.249145,
        -26.843169
       ]
      ]
     ]
    ]
   }
  },
  {
   "type": "Feature",
   "properties": {
    "nombre": "INDEPENDENCIA II",
    "revisar": false
   },
   "geometry": {
    "type": "MultiPolygon",
    "coordinates": [
     [
      [
       [
        -65.227024,
        -26.88174
       ],
       [
        -65.227072,
        -26.881838
       ],
       [
        -65.229152,
        -26.886047
       ],
       [
        -65.222103,
        -26.887095
       ],
       [
        -65.221981,
        -26.88643
       ],
       [
        -65.221808,
        -26.885592
       ],
       [
        -65.221549,
        -26.884858
       ],
       [
        -65.22113,
        -26.883893
       ],
       [
        -65.22573,
        -26.882409
       ],
       [
        -65.227024,
        -26.88174
       ]
      ]
     ]
    ]
   }
  },
  {
   "type": "Feature",
   "properties": {
    "nombre": "INGEMA",
    "revisar": false
   },
   "geometry": {
    "type": "MultiPolygon",
    "coordinates": [
     [
      [
       [
        -65.244725,
        -26.808249
       ],
       [
        -65.244904,
        -26.809054
       ],
       [
        -65.241839,
        -26.809641
       ],
       [
        -65.241779,
        -26.808801
       ],
       [
        -65.244725,
        -26.808249
       ]
      ]
     ]
    ]
   }
  },
  {
   "type": "Feature",
   "properties": {
    "nombre": "IRIGOYEN (DIZA)",
    "revisar": false
   },
   "geometry": {
    "type": "MultiPolygon",
    "coordinates": [
     [
      [
       [
        -65.212584,
        -26.864293
       ],
       [
        -65.212432,
        -26.863653
       ],
       [
        -65.21987,
        -26.86228
       ],
       [
        -65.220306,
        -26.863598
       ],
       [
        -65.220995,
        -26.865683
       ],
       [
        -65.213233,
        -26.867176
       ],
       [
        -65.212821,
        -26.865344
       ],
       [
        -65.212584,
        -26.864293
       ]
      ]
     ]
    ]
   }
  },
  {
   "type": "Feature",
   "properties": {
    "nombre": "JARDIN",
    "revisar": false
   },
   "geometry": {
    "type": "MultiPolygon",
    "coordinates": [
     [
      [
       [
        -65.237551,
        -26.80879
       ],
       [
        -65.237551,
        -26.80879
       ],
       [
        -65.238256,
        -26.811517
       ],
       [
        -65.235269,
        -26.812102
       ],
       [
        -65.230852,
        -26.81302
       ],
       [
        -65.229202,
        -26.813355
       ],
       [
        -65.229098,
        -26.813197
       ],
       [
        -65.228297,
        -26.810532
       ],
       [
        -65.231724,
        -26.809908
       ],
       [
        -65.237551,
        -26.80879
       ]
      ]
     ]
    ]
   }
  },
  {
   "type": "Feature",
   "properties": {
    "nombre": "JORGE LUIS BORGES",
    "revisar": false
   },
   "geometry": {
    "type": "MultiPolygon",
    "coordinates": [
     [
      [
       [
        -65.237811,
        -26.845067
       ],
       [
        -65.237992,
        -26.845718
       ],
       [
        -65.236493,
        -26.846023
       ],
       [
        -65.235827,
        -26.846159
       ],
       [
        -65.235792,
        -26.84597
       ],
       [
        -65.235753,
        -26.845759
       ],
       [
        -65.235707,
        -26.84551
       ],
       [
        -65.236297,
        -26.845381
       ],
       [
        -65.236568,
        -26.845325
       ],
       [
        -65.23676,
        -26.845285
       ],
       [
        -65.236922,
        -26.845251
       ],
       [
        -65.237111,
        -26.845212
       ],
       [
        -65.237286,
        -26.845176
       ],
       [
        -65.237811,
        -26.845067
       ]
      ]
     ]
    ]
   }
  },
  {
   "type": "Feature",
   "properties": {
    "nombre": "JOSE HERNANDEZ",
    "revisar": false
   },
   "geometry": {
    "type": "MultiPolygon",
    "coordinates": [
     [
      [
       [
        -65.227801,
        -26.870568
       ],
       [
        -65.227939,
        -26.871283
       ],
       [
        -65.227962,
        -26.871402
       ],
       [
        -65.228062,
        -26.871919
       ],
       [
        -65.228283,
        -26.873069
       ],
       [
        -65.22702,
        -26.873297
       ],
       [
        -65.226389,
        -26.873411
       ],
       [
        -65.226044,
        -26.873473
       ],
       [
        -65.225722,
        -26.873011
       ],
       [
        -65.22541,
        -26.872571
       ],
       [
        -65.225215,
        -26.872298
       ],
       [
        -65.224938,
        -26.871911
       ],
       [
        -65.224596,
        -26.871311
       ],
       [
        -65.223622,
        -26.870133
       ],
       [
        -65.224857,
        -26.869956
       ],
       [
        -65.226271,
        -26.869747
       ],
       [
        -65.227604,
        -26.869571
       ],
       [
        -65.227801,
        -26.870568
       ]
      ]
     ]
    ]
   }
  },
  {
   "type": "Feature",
   "properties": {
    "nombre": "JUAN B JUSTO",
    "revisar": false
   },
   "geometry": {
    "type": "MultiPolygon",
    "coordinates": [
     [
      [
       [
        -65.182261,
        -26.798876
       ],
       [
        -65.181342,
        -26.795177
       ],
       [
        -65.18455,
        -26.794511
       ],
       [
        -65.184838,
        -26.794793
       ],
       [
        -65.185302,
        -26.795134
       ],
       [
        -65.18623,
        -26.79548
       ],
       [
        -65.187016,
        -26.795788
       ],
       [
        -65.1882,
        -26.795765
       ],
       [
        -65.188666,
        -26.797713
       ],
       [
        -65.182261,
        -26.798876
       ]
      ]
     ]
    ]
   }
  },
  {
   "type": "Feature",
   "properties": {
    "nombre": "JUAN B. TERAN",
    "revisar": false
   },
   "geometry": {
    "type": "MultiPolygon",
    "coordinates": [
     [
      [
       [
        -65.231316,
        -26.851422
       ],
       [
        -65.232542,
        -26.85117
       ],
       [
        -65.232903,
        -26.852449
       ],
       [
        -65.231876,
        -26.852645
       ],
       [
        -65.232161,
        -26.853942
       ],
       [
        -65.229361,
        -26.854489
       ],
       [
        -65.227074,
        -26.854935
       ],
       [
        -65.226992,
        -26.854543
       ],
       [
        -65.226775,
        -26.853514
       ],
       [
        -65.226631,
        -26.852829
       ],
       [
        -65.226519,
        -26.852295
       ],
       [
        -65.227191,
        -26.852169
       ],
       [
        -65.228464,
        -26.851931
       ],
       [
        -65.229809,
        -26.85168
       ],
       [
        -65.231316,
        -26.851422
       ]
      ]
     ]
    ]
   }
  },
  {
   "type": "Feature",
   "properties": {
    "nombre": "JUAN F. NOUGUÉS",
    "revisar": false
   },
   "geometry": {
    "type": "MultiPolygon",
    "coordinates": [
     [
      [
       [
        -65.251593,
        -26.846313
       ],
       [
        -65.251085,
        -26.846415
       ],
       [
        -65.248789,
        -26.846871
       ],
       [
        -65.24812,
        -26.84701
       ],
       [
        -65.247086,
        -26.842967
       ],
       [
        -65.247386,
        -26.842909
       ],
       [
        -65.24705,
        -26.841564
       ],
       [
        -65.247815,
        -26.841432
       ],
       [
        -65.250249,
        -26.841295
       ],
       [
        -65.250531,
        -26.842471
       ],
       [
        -65.249041,
        -26.842734
       ],
       [
        -65.249441,
        -26.844411
       ],
       [
        -65.250999,
        -26.844071
       ],
       [
        -65.251151,
        -26.844695
       ],
       [
        -65.252378,
        -26.844447
       ],
       [
        -65.251922,
        -26.84553
       ],
       [
        -65.251593,
        -26.846313
       ]
      ]
     ]
    ]
   }
  },
  {
   "type": "Feature",
   "properties": {
    "nombre": "JUAN PABLO I",
    "revisar": false
   },
   "geometry": {
    "type": "MultiPolygon",
    "coordinates": [
     [
      [
       [
        -65.191209,
        -26.847619
       ],
       [
        -65.191154,
        -26.848883
       ],
       [
        -65.191082,
        -26.850569
       ],
       [
        -65.187251,
        -26.851662
       ],
       [
        -65.186586,
        -26.851896
       ],
       [
        -65.186221,
        -26.852025
       ],
       [
        -65.185834,
        -26.852161
       ],
       [
        -65.185651,
        -26.852236
       ],
       [
        -65.185124,
        -26.852411
       ],
       [
        -65.184468,
        -26.851279
       ],
       [
        -65.183493,
        -26.849808
       ],
       [
        -65.184764,
        -26.849474
       ],
       [
        -65.186953,
        -26.8489
       ],
       [
        -65.190931,
        -26.847722
       ],
       [
        -65.191209,
        -26.847619
       ]
      ]
     ]
    ]
   }
  },
  {
   "type": "Feature",
   "properties": {
    "nombre": "JUAN PABLO II",
    "revisar": false
   },
   "geometry": {
    "type": "MultiPolygon",
    "coordinates": [
     [
      [
       [
        -65.217907,
        -26.800619
       ],
       [
        -65.218979,
        -26.80429
       ],
       [
        -65.213823,
        -26.8053
       ],
       [
        -65.21512,
        -26.803504
       ],
       [
        -65.217803,
        -26.800264
       ],
       [
        -65.217907,
        -26.800619
       ]
      ]
     ]
    ]
   }
  },
  {
   "type": "Feature",
   "properties": {
    "nombre": "JUAN XXIII",
    "revisar": false
   },
   "geometry": {
    "type": "MultiPolygon",
    "coordinates": [
     [
      [
       [
        -65.227941,
        -26.809245
       ],
       [
        -65.225103,
        -26.809739
       ],
       [
        -65.225415,
        -26.811093
       ],
       [
        -65.223906,
        -26.811358
       ],
       [
        -65.223608,
        -26.810005
       ],
       [
        -65.222081,
        -26.810315
       ],
       [
        -65.22189,
        -26.809503
       ],
       [
        -65.221752,
        -26.808916
       ],
       [
        -65.222823,
        -26.808679
       ],
       [
        -65.22492,
        -26.808222
       ],
       [
        -65.227511,
        -26.807657
       ],
       [
        -65.227941,
        -26.809245
       ]
      ]
     ]
    ]
   }
  },
  {
   "type": "Feature",
   "properties": {
    "nombre": "JUDICIAL",
    "revisar": false
   },
   "geometry": {
    "type": "MultiPolygon",
    "coordinates": [
     [
      [
       [
        -65.21791,
        -26.856697
       ],
       [
        -65.214335,
        -26.857489
       ],
       [
        -65.213743,
        -26.854877
       ],
       [
        -65.217095,
        -26.854182
       ],
       [
        -65.217094,
        -26.854183
       ],
       [
        -65.21791,
        -26.856697
       ]
      ]
     ],
     [
      [
       [
        -65.217091,
        -26.854182
       ],
       [
        -65.219463,
        -26.853725
       ],
       [
        -65.21947,
        -26.853733
       ],
       [
        -65.219715,
        -26.854848
       ],
       [
        -65.219795,
        -26.85518
       ],
       [
        -65.219227,
        -26.85533
       ],
       [
        -65.219117,
        -26.855546
       ],
       [
        -65.219062,
        -26.855654
       ],
       [
        -65.218924,
        -26.855922
       ],
       [
        -65.218834,
        -26.856137
       ],
       [
        -65.21877,
        -26.856288
       ],
       [
        -65.218707,
        -26.856438
       ],
       [
        -65.218635,
        -26.856797
       ],
       [
        -65.218486,
        -26.857538
       ],
       [
        -65.218267,
        -26.857588
       ],
       [
        -65.218229,
        -26.857494
       ],
       [
        -65.217909,
        -26.856695
       ],
       [
        -65.217091,
        -26.854182
       ]
      ]
     ]
    ]
   }
  },
  {
   "type": "Feature",
   "properties": {
    "nombre": "KENNEDY",
    "revisar": false
   },
   "geometry": {
    "type": "MultiPolygon",
    "coordinates": [
     [
      [
       [
        -65.246431,
        -26.802165
       ],
       [
        -65.24083,
        -26.803145
       ],
       [
        -65.240137,
        -26.799114
       ],
       [
        -65.24556,
        -26.798243
       ],
       [
        -65.24624,
        -26.801352
       ],
       [
        -65.246431,
        -26.802165
       ]
      ]
     ]
    ]
   }
  },
  {
   "type": "Feature",
   "properties": {
    "nombre": "LA CANCHA",
    "revisar": false
   },
   "geometry": {
    "type": "MultiPolygon",
    "coordinates": [
     [
      [
       [
        -65.178047,
        -26.81477
       ],
       [
        -65.178063,
        -26.814838
       ],
       [
        -65.177677,
        -26.814909
       ],
       [
        -65.177598,
        -26.814679
       ],
       [
        -65.177183,
        -26.813463
       ],
       [
        -65.177731,
        -26.813366
       ],
       [
        -65.178047,
        -26.81477
       ]
      ]
     ]
    ]
   }
  },
  {
   "type": "Feature",
   "properties": {
    "nombre": "LA CANCHITA",
    "revisar": false
   },
   "geometry": {
    "type": "MultiPolygon",
    "coordinates": [
     [
      [
       [
        -65.223004,
        -26.873163
       ],
       [
        -65.223004,
        -26.873163
       ],
       [
        -65.223081,
        -26.873333
       ],
       [
        -65.221273,
        -26.873702
       ],
       [
        -65.221214,
        -26.873495
       ],
       [
        -65.22112,
        -26.873168
       ],
       [
        -65.221033,
        -26.872864
       ],
       [
        -65.220908,
        -26.872429
       ],
       [
        -65.222535,
        -26.872123
       ],
       [
        -65.222812,
        -26.872737
       ],
       [
        -65.223004,
        -26.873163
       ]
      ]
     ]
    ]
   }
  },
  {
   "type": "Feature",
   "properties": {
    "nombre": "LA MAGO",
    "revisar": false
   },
   "geometry": {
    "type": "MultiPolygon",
    "coordinates": [
     [
      [
       [
        -65.25094,
        -26.830997
       ],
       [
        -65.250898,
        -26.830834
       ],
       [
        -65.252555,
        -26.830507
       ],
       [
        -65.253614,
        -26.830298
       ],
       [
        -65.254353,
        -26.830279
       ],
       [
        -65.254639,
        -26.830332
       ],
       [
        -65.255569,
        -26.830505
       ],
       [
        -65.256269,
        -26.830831
       ],
       [
        -65.256405,
        -26.831054
       ],
       [
        -65.25677,
        -26.83165
       ],
       [
        -65.257205,
        -26.833674
       ],
       [
        -65.257202,
        -26.834018
       ],
       [
        -65.2556,
        -26.833991
       ],
       [
        -65.254495,
        -26.833973
       ],
       [
        -65.254153,
        -26.834038
       ],
       [
        -65.253561,
        -26.83415
       ],
       [
        -65.253245,
        -26.834209
       ],
       [
        -65.252258,
        -26.834395
       ],
       [
        -65.251842,
        -26.834474
       ],
       [
        -65.251582,
        -26.833471
       ],
       [
        -65.251369,
        -26.832644
       ],
       [
        -65.251179,
        -26.831926
       ],
       [
        -65.25094,
        -26.830997
       ]
      ]
     ]
    ]
   }
  },
  {
   "type": "Feature",
   "properties": {
    "nombre": "LA MERCED",
    "revisar": false
   },
   "geometry": {
    "type": "MultiPolygon",
    "coordinates": [
     [
      [
       [
        -65.265753,
        -26.852016
       ],
       [
        -65.265771,
        -26.852107
       ],
       [
        -65.26366,
        -26.852452
       ],
       [
        -65.262658,
        -26.852622
       ],
       [
        -65.262658,
        -26.852622
       ],
       [
        -65.262496,
        -26.851976
       ],
       [
        -65.262383,
        -26.851537
       ],
       [
        -65.262099,
        -26.850438
       ],
       [
        -65.263293,
        -26.850205
       ],
       [
        -65.262986,
        -26.848919
       ],
       [
        -65.262682,
        -26.847677
       ],
       [
        -65.263142,
        -26.847587
       ],
       [
        -65.263389,
        -26.847538
       ],
       [
        -65.263629,
        -26.8485
       ],
       [
        -65.264003,
        -26.849988
       ],
       [
        -65.265193,
        -26.849746
       ],
       [
        -65.265377,
        -26.850493
       ],
       [
        -65.265528,
        -26.851103
       ],
       [
        -65.265656,
        -26.851623
       ],
       [
        -65.265753,
        -26.852016
       ]
      ]
     ]
    ]
   }
  },
  {
   "type": "Feature",
   "properties": {
    "nombre": "LA PORTEÑA",
    "revisar": false
   },
   "geometry": {
    "type": "MultiPolygon",
    "coordinates": [
     [
      [
       [
        -65.233348,
        -26.790175
       ],
       [
        -65.230391,
        -26.790607
       ],
       [
        -65.230328,
        -26.79021
       ],
       [
        -65.233171,
        -26.789424
       ],
       [
        -65.233348,
        -26.790175
       ]
      ]
     ]
    ]
   }
  },
  {
   "type": "Feature",
   "properties": {
    "nombre": "LAPACHO SUR",
    "revisar": false
   },
   "geometry": {
    "type": "MultiPolygon",
    "coordinates": [
     [
      [
       [
        -65.226047,
        -26.879777
       ],
       [
        -65.221095,
        -26.880719
       ],
       [
        -65.220516,
        -26.880836
       ],
       [
        -65.220066,
        -26.879504
       ],
       [
        -65.220616,
        -26.879371
       ],
       [
        -65.220461,
        -26.878818
       ],
       [
        -65.22518,
        -26.877908
       ],
       [
        -65.225391,
        -26.878376
       ],
       [
        -65.226047,
        -26.879777
       ]
      ]
     ]
    ]
   }
  },
  {
   "type": "Feature",
   "properties": {
    "nombre": "LAS AMÉRICAS",
    "revisar": false
   },
   "geometry": {
    "type": "MultiPolygon",
    "coordinates": [
     [
      [
       [
        -65.246442,
        -26.798105
       ],
       [
        -65.247079,
        -26.801209
       ],
       [
        -65.24624,
        -26.801352
       ],
       [
        -65.24556,
        -26.798244
       ],
       [
        -65.246442,
        -26.798105
       ]
      ]
     ]
    ]
   }
  },
  {
   "type": "Feature",
   "properties": {
    "nombre": "LAS PALMERAS III",
    "revisar": false
   },
   "geometry": {
    "type": "MultiPolygon",
    "coordinates": [
     [
      [
       [
        -65.225109,
        -26.87775
       ],
       [
        -65.225783,
        -26.877621
       ],
       [
        -65.227317,
        -26.877329
       ],
       [
        -65.228748,
        -26.877056
       ],
       [
        -65.229061,
        -26.876996
       ],
       [
        -65.22986,
        -26.876844
       ],
       [
        -65.229882,
        -26.877222
       ],
       [
        -65.229647,
        -26.877637
       ],
       [
        -65.2281,
        -26.877905
       ],
       [
        -65.227377,
        -26.878031
       ],
       [
        -65.226808,
        -26.87813
       ],
       [
        -65.226306,
        -26.878217
       ],
       [
        -65.225389,
        -26.878376
       ],
       [
        -65.22518,
        -26.877908
       ],
       [
        -65.225109,
        -26.87775
       ]
      ]
     ]
    ]
   }
  },
  {
   "type": "Feature",
   "properties": {
    "nombre": "LAS PIEDRITAS",
    "revisar": false
   },
   "geometry": {
    "type": "MultiPolygon",
    "coordinates": [
     [
      [
       [
        -65.187381,
        -26.859058
       ],
       [
        -65.187089,
        -26.859172
       ],
       [
        -65.186834,
        -26.859368
       ],
       [
        -65.186181,
        -26.859364
       ],
       [
        -65.18588,
        -26.858744
       ],
       [
        -65.185765,
        -26.857711
       ],
       [
        -65.185064,
        -26.857036
       ],
       [
        -65.184405,
        -26.856313
       ],
       [
        -65.184108,
        -26.855512
       ],
       [
        -65.183593,
        -26.854323
       ],
       [
        -65.182945,
        -26.853244
       ],
       [
        -65.182854,
        -26.852723
       ],
       [
        -65.183109,
        -26.851387
       ],
       [
        -65.183201,
        -26.851224
       ],
       [
        -65.18423,
        -26.852362
       ],
       [
        -65.184867,
        -26.853398
       ],
       [
        -65.185375,
        -26.854111
       ],
       [
        -65.186159,
        -26.855149
       ],
       [
        -65.186651,
        -26.855757
       ],
       [
        -65.187021,
        -26.856328
       ],
       [
        -65.187372,
        -26.856963
       ],
       [
        -65.187471,
        -26.85736
       ],
       [
        -65.187482,
        -26.857913
       ],
       [
        -65.187464,
        -26.858577
       ],
       [
        -65.187503,
        -26.859004
       ],
       [
        -65.187381,
        -26.859058
       ]
      ]
     ]
    ]
   }
  },
  {
   "type": "Feature",
   "properties": {
    "nombre": "LAS ROSAS",
    "revisar": false
   },
   "geometry": {
    "type": "MultiPolygon",
    "coordinates": [
     [
      [
       [
        -65.219158,
        -26.790237
       ],
       [
        -65.219575,
        -26.790149
       ],
       [
        -65.220827,
        -26.789884
       ],
       [
        -65.221307,
        -26.791681
       ],
       [
        -65.219955,
        -26.791981
       ],
       [
        -65.220511,
        -26.79393
       ],
       [
        -65.218095,
        -26.794448
       ],
       [
        -65.217505,
        -26.792498
       ],
       [
        -65.217343,
        -26.791867
       ],
       [
        -65.21775,
        -26.791791
       ],
       [
        -65.217434,
        -26.790625
       ],
       [
        -65.219158,
        -26.790237
       ]
      ]
     ]
    ]
   }
  },
  {
   "type": "Feature",
   "properties": {
    "nombre": "LAS ROSAS DEL SUR (360 VIV)",
    "revisar": false
   },
   "geometry": {
    "type": "MultiPolygon",
    "coordinates": [
     [
      [
       [
        -65.224523,
        -26.888459
       ],
       [
        -65.224811,
        -26.888942
       ],
       [
        -65.22506,
        -26.889359
       ],
       [
        -65.225591,
        -26.890246
       ],
       [
        -65.22639,
        -26.891579
       ],
       [
        -65.225767,
        -26.892428
       ],
       [
        -65.225226,
        -26.892552
       ],
       [
        -65.224705,
        -26.892511
       ],
       [
        -65.223716,
        -26.891931
       ],
       [
        -65.223073,
        -26.89163
       ],
       [
        -65.222713,
        -26.891536
       ],
       [
        -65.221853,
        -26.89137
       ],
       [
        -65.221454,
        -26.891138
       ],
       [
        -65.221589,
        -26.890777
       ],
       [
        -65.221881,
        -26.889994
       ],
       [
        -65.221951,
        -26.889519
       ],
       [
        -65.222043,
        -26.888884
       ],
       [
        -65.222392,
        -26.88882
       ],
       [
        -65.222975,
        -26.888721
       ],
       [
        -65.224523,
        -26.888459
       ]
      ]
     ]
    ]
   }
  },
  {
   "type": "Feature",
   "properties": {
    "nombre": "LIBERTAD",
    "revisar": false
   },
   "geometry": {
    "type": "MultiPolygon",
    "coordinates": [
     [
      [
       [
        -65.256399,
        -26.791556
       ],
       [
        -65.255316,
        -26.792482
       ],
       [
        -65.254162,
        -26.791328
       ],
       [
        -65.254914,
        -26.791099
       ],
       [
        -65.254902,
        -26.790615
       ],
       [
        -65.255213,
        -26.790224
       ],
       [
        -65.256399,
        -26.791556
       ]
      ]
     ]
    ]
   }
  },
  {
   "type": "Feature",
   "properties": {
    "nombre": "LINCOLN",
    "revisar": false
   },
   "geometry": {
    "type": "MultiPolygon",
    "coordinates": [
     [
      [
       [
        -65.251777,
        -26.838208
       ],
       [
        -65.251777,
        -26.838208
       ],
       [
        -65.251895,
        -26.838641
       ],
       [
        -65.252211,
        -26.839807
       ],
       [
        -65.252606,
        -26.841163
       ],
       [
        -65.250249,
        -26.841295
       ],
       [
        -65.249386,
        -26.841343
       ],
       [
        -65.247815,
        -26.841432
       ],
       [
        -65.24705,
        -26.841564
       ],
       [
        -65.246711,
        -26.838845
       ],
       [
        -65.246567,
        -26.838098
       ],
       [
        -65.2464,
        -26.837239
       ],
       [
        -65.244058,
        -26.837642
       ],
       [
        -65.243972,
        -26.836826
       ],
       [
        -65.244891,
        -26.836646
       ],
       [
        -65.244682,
        -26.835831
       ],
       [
        -65.249615,
        -26.834903
       ],
       [
        -65.251842,
        -26.834474
       ],
       [
        -65.254495,
        -26.833973
       ],
       [
        -65.257202,
        -26.834018
       ],
       [
        -65.258391,
        -26.834296
       ],
       [
        -65.25847,
        -26.834491
       ],
       [
        -65.257202,
        -26.836369
       ],
       [
        -65.256521,
        -26.834838
       ],
       [
        -65.255508,
        -26.8352
       ],
       [
        -65.254879,
        -26.835544
       ],
       [
        -65.254184,
        -26.835699
       ],
       [
        -65.25287,
        -26.835991
       ],
       [
        -65.25287,
        -26.835991
       ],
       [
        -65.251273,
        -26.836347
       ],
       [
        -65.251777,
        -26.838208
       ],
       [
        -65.251777,
        -26.838208
       ]
      ]
     ]
    ]
   }
  },
  {
   "type": "Feature",
   "properties": {
    "nombre": "LOLA MORA I",
    "revisar": false
   },
   "geometry": {
    "type": "MultiPolygon",
    "coordinates": [
     [
      [
       [
        -65.186325,
        -26.846911
       ],
       [
        -65.186126,
        -26.846595
       ],
       [
        -65.186021,
        -26.846285
       ],
       [
        -65.188061,
        -26.845699
       ],
       [
        -65.189373,
        -26.845309
       ],
       [
        -65.189949,
        -26.845137
       ],
       [
        -65.190036,
        -26.845198
       ],
       [
        -65.190931,
        -26.847722
       ],
       [
        -65.186953,
        -26.8489
       ],
       [
        -65.186325,
        -26.846911
       ]
      ]
     ]
    ]
   }
  },
  {
   "type": "Feature",
   "properties": {
    "nombre": "LOLA MORA II",
    "revisar": false
   },
   "geometry": {
    "type": "MultiPolygon",
    "coordinates": [
     [
      [
       [
        -65.259599,
        -26.814238
       ],
       [
        -65.259955,
        -26.815568
       ],
       [
        -65.257495,
        -26.816007
       ],
       [
        -65.257234,
        -26.814669
       ],
       [
        -65.258224,
        -26.814487
       ],
       [
        -65.259599,
        -26.814238
       ]
      ]
     ]
    ]
   }
  },
  {
   "type": "Feature",
   "properties": {
    "nombre": "LOPEZ Y PLANES",
    "revisar": false
   },
   "geometry": {
    "type": "MultiPolygon",
    "coordinates": [
     [
      [
       [
        -65.171023,
        -26.815918
       ],
       [
        -65.17108,
        -26.816203
       ],
       [
        -65.17108,
        -26.816203
       ],
       [
        -65.17112,
        -26.816404
       ],
       [
        -65.171186,
        -26.81673
       ],
       [
        -65.166888,
        -26.817519
       ],
       [
        -65.166662,
        -26.816613
       ],
       [
        -65.171023,
        -26.815918
       ]
      ]
     ]
    ]
   }
  },
  {
   "type": "Feature",
   "properties": {
    "nombre": "LOS ALAMOS",
    "revisar": false
   },
   "geometry": {
    "type": "MultiPolygon",
    "coordinates": [
     [
      [
       [
        -65.243506,
        -26.822615
       ],
       [
        -65.243972,
        -26.824445
       ],
       [
        -65.244234,
        -26.825459
       ],
       [
        -65.244632,
        -26.826855
       ],
       [
        -65.244327,
        -26.826907
       ],
       [
        -65.242331,
        -26.827248
       ],
       [
        -65.241982,
        -26.826013
       ],
       [
        -65.241662,
        -26.824884
       ],
       [
        -65.241537,
        -26.824439
       ],
       [
        -65.241166,
        -26.823129
       ],
       [
        -65.243506,
        -26.822615
       ]
      ]
     ]
    ]
   }
  },
  {
   "type": "Feature",
   "properties": {
    "nombre": "LOS ANDES",
    "revisar": false
   },
   "geometry": {
    "type": "MultiPolygon",
    "coordinates": [
     [
      [
       [
        -65.222449,
        -26.789529
       ],
       [
        -65.222689,
        -26.790461
       ],
       [
        -65.223472,
        -26.793166
       ],
       [
        -65.22064,
        -26.796739
       ],
       [
        -65.220609,
        -26.796831
       ],
       [
        -65.220156,
        -26.797303
       ],
       [
        -65.219389,
        -26.798303
       ],
       [
        -65.219003,
        -26.798761
       ],
       [
        -65.217803,
        -26.800264
       ],
       [
        -65.217529,
        -26.800013
       ],
       [
        -65.216216,
        -26.800253
       ],
       [
        -65.214754,
        -26.800525
       ],
       [
        -65.214054,
        -26.800667
       ],
       [
        -65.213321,
        -26.800806
       ],
       [
        -65.21267,
        -26.800934
       ],
       [
        -65.211896,
        -26.80108
       ],
       [
        -65.211578,
        -26.799836
       ],
       [
        -65.211222,
        -26.798205
       ],
       [
        -65.210917,
        -26.796905
       ],
       [
        -65.210765,
        -26.796259
       ],
       [
        -65.210601,
        -26.795557
       ],
       [
        -65.210601,
        -26.795557
       ],
       [
        -65.210908,
        -26.79492
       ],
       [
        -65.214131,
        -26.794282
       ],
       [
        -65.21387,
        -26.792983
       ],
       [
        -65.214349,
        -26.792892
       ],
       [
        -65.214417,
        -26.793121
       ],
       [
        -65.214657,
        -26.793965
       ],
       [
        -65.214796,
        -26.794468
       ],
       [
        -65.214968,
        -26.795071
       ],
       [
        -65.216335,
        -26.794813
       ],
       [
        -65.218095,
        -26.794448
       ],
       [
        -65.219227,
        -26.794221
       ],
       [
        -65.220511,
        -26.79393
       ],
       [
        -65.220324,
        -26.793285
       ],
       [
        -65.22015,
        -26.792631
       ],
       [
        -65.219955,
        -26.791981
       ],
       [
        -65.221312,
        -26.791672
       ],
       [
        -65.221076,
        -26.790846
       ],
       [
        -65.220827,
        -26.789884
       ],
       [
        -65.221033,
        -26.789839
       ],
       [
        -65.222449,
        -26.789529
       ]
      ]
     ]
    ]
   }
  },
  {
   "type": "Feature",
   "properties": {
    "nombre": "LOS CHAÑARITOS",
    "revisar": false
   },
   "geometry": {
    "type": "MultiPolygon",
    "coordinates": [
     [
      [
       [
        -65.236753,
        -26.869292
       ],
       [
        -65.23509,
        -26.866999
       ],
       [
        -65.234025,
        -26.865415
       ],
       [
        -65.235077,
        -26.866993
       ],
       [
        -65.238911,
        -26.866255
       ],
       [
        -65.239483,
        -26.866145
       ],
       [
        -65.242772,
        -26.865561
       ],
       [
        -65.243374,
        -26.868285
       ],
       [
        -65.236929,
        -26.869512
       ],
       [
        -65.236753,
        -26.869292
       ]
      ]
     ]
    ]
   }
  },
  {
   "type": "Feature",
   "properties": {
    "nombre": "LOS LAPACHOS I",
    "revisar": false
   },
   "geometry": {
    "type": "MultiPolygon",
    "coordinates": [
     [
      [
       [
        -65.253119,
        -26.820558
       ],
       [
        -65.253694,
        -26.823339
       ],
       [
        -65.254499,
        -26.8232
       ],
       [
        -65.254782,
        -26.824412
       ],
       [
        -65.256209,
        -26.824159
       ],
       [
        -65.256569,
        -26.825679
       ],
       [
        -65.257005,
        -26.825599
       ],
       [
        -65.256878,
        -26.824981
       ],
       [
        -65.257761,
        -26.824851
       ],
       [
        -65.258245,
        -26.826655
       ],
       [
        -65.256818,
        -26.826928
       ],
       [
        -65.252902,
        -26.827764
       ],
       [
        -65.2522,
        -26.825263
       ],
       [
        -65.250978,
        -26.820959
       ],
       [
        -65.253119,
        -26.820558
       ]
      ]
     ]
    ]
   }
  },
  {
   "type": "Feature",
   "properties": {
    "nombre": "LOS LAPACHOS II",
    "revisar": false
   },
   "geometry": {
    "type": "MultiPolygon",
    "coordinates": [
     [
      [
       [
        -65.238911,
        -26.866255
       ],
       [
        -65.235077,
        -26.866992
       ],
       [
        -65.233943,
        -26.865298
       ],
       [
        -65.234278,
        -26.865017
       ],
       [
        -65.235897,
        -26.863659
       ],
       [
        -65.242047,
        -26.862662
       ],
       [
        -65.242206,
        -26.863357
       ],
       [
        -65.24054,
        -26.863623
       ],
       [
        -65.240655,
        -26.864188
       ],
       [
        -65.239128,
        -26.864481
       ],
       [
        -65.239483,
        -26.866145
       ],
       [
        -65.238911,
        -26.866255
       ]
      ]
     ]
    ]
   }
  },
  {
   "type": "Feature",
   "properties": {
    "nombre": "LOS PINOS",
    "revisar": false
   },
   "geometry": {
    "type": "MultiPolygon",
    "coordinates": [
     [
      [
       [
        -65.199143,
        -26.800655
       ],
       [
        -65.199051,
        -26.800233
       ],
       [
        -65.198377,
        -26.797177
       ],
       [
        -65.199948,
        -26.7969
       ],
       [
        -65.200643,
        -26.800341
       ],
       [
        -65.200406,
        -26.800391
       ],
       [
        -65.199143,
        -26.800655
       ]
      ]
     ]
    ]
   }
  },
  {
   "type": "Feature",
   "properties": {
    "nombre": "LOS PLATANOS",
    "revisar": false
   },
   "geometry": {
    "type": "MultiPolygon",
    "coordinates": [
     [
      [
       [
        -65.259355,
        -26.840763
       ],
       [
        -65.259579,
        -26.841472
       ],
       [
        -65.259751,
        -26.842127
       ],
       [
        -65.259925,
        -26.842745
       ],
       [
        -65.260095,
        -26.843435
       ],
       [
        -65.260253,
        -26.844071
       ],
       [
        -65.260411,
        -26.844709
       ],
       [
        -65.260565,
        -26.844732
       ],
       [
        -65.260702,
        -26.845336
       ],
       [
        -65.260609,
        -26.845368
       ],
       [
        -65.260745,
        -26.84601
       ],
       [
        -65.260902,
        -26.845983
       ],
       [
        -65.26103,
        -26.846625
       ],
       [
        -65.261135,
        -26.847165
       ],
       [
        -65.261213,
        -26.847557
       ],
       [
        -65.261289,
        -26.847938
       ],
       [
        -65.259927,
        -26.848188
       ],
       [
        -65.25863,
        -26.848444
       ],
       [
        -65.258491,
        -26.847804
       ],
       [
        -65.25835,
        -26.847147
       ],
       [
        -65.258206,
        -26.84646
       ],
       [
        -65.258064,
        -26.845786
       ],
       [
        -65.257953,
        -26.845316
       ],
       [
        -65.257772,
        -26.844486
       ],
       [
        -65.257629,
        -26.843852
       ],
       [
        -65.257493,
        -26.843215
       ],
       [
        -65.257059,
        -26.841196
       ],
       [
        -65.258539,
        -26.840917
       ],
       [
        -65.259355,
        -26.840763
       ]
      ]
     ]
    ]
   }
  },
  {
   "type": "Feature",
   "properties": {
    "nombre": "LOS TARCOS II",
    "revisar": false
   },
   "geometry": {
    "type": "MultiPolygon",
    "coordinates": [
     [
      [
       [
        -65.256024,
        -26.79805
       ],
       [
        -65.254862,
        -26.794838
       ],
       [
        -65.257628,
        -26.794014
       ],
       [
        -65.258717,
        -26.797187
       ],
       [
        -65.256977,
        -26.797737
       ],
       [
        -65.256024,
        -26.79805
       ]
      ]
     ]
    ]
   }
  },
  {
   "type": "Feature",
   "properties": {
    "nombre": "LOS VAZQUEZ I",
    "revisar": true
   },
   "geometry": {
    "type": "MultiPolygon",
    "coordinates": [
     [
      [
       [
        -65.224161,
        -26.855486
       ],
       [
        -65.224161,
        -26.855486
       ],
       [
        -65.224161,
        -26.855486
       ],
       [
        -65.22368,
        -26.855577
       ],
       [
        -65.223519,
        -26.854908
       ],
       [
        -65.223354,
        -26.854227
       ],
       [
        -65.223235,
        -26.853732
       ],
       [
        -65.221814,
        -26.853994
       ],
       [
        -65.220939,
        -26.850538
       ],
       [
        -65.221923,
        -26.850361
       ],
       [
        -65.22372,
        -26.849999
       ],
       [
        -65.224367,
        -26.852696
       ],
       [
        -65.226519,
        -26.852295
       ],
       [
        -65.226775,
        -26.853514
       ],
       [
        -65.227074,
        -26.854935
       ],
       [
        -65.226349,
        -26.855075
       ],
       [
        -65.224161,
        -26.855486
       ]
      ]
     ]
    ]
   }
  },
  {
   "type": "Feature",
   "properties": {
    "nombre": "LOS VAZQUEZ II",
    "revisar": true
   },
   "geometry": {
    "type": "MultiPolygon",
    "coordinates": [
     [
      [
       [
        -65.203707,
        -26.873046
       ],
       [
        -65.20453,
        -26.874203
       ],
       [
        -65.202028,
        -26.874753
       ],
       [
        -65.200792,
        -26.875028
       ],
       [
        -65.200608,
        -26.875065
       ],
       [
        -65.200324,
        -26.87511
       ],
       [
        -65.199956,
        -26.874968
       ],
       [
        -65.199747,
        -26.874804
       ],
       [
        -65.199613,
        -26.874745
       ],
       [
        -65.199463,
        -26.874663
       ],
       [
        -65.199287,
        -26.874528
       ],
       [
        -65.198995,
        -26.874215
       ],
       [
        -65.198593,
        -26.873909
       ],
       [
        -65.198133,
        -26.873424
       ],
       [
        -65.197749,
        -26.872992
       ],
       [
        -65.197473,
        -26.872559
       ],
       [
        -65.196988,
        -26.871411
       ],
       [
        -65.196854,
        -26.87103
       ],
       [
        -65.197117,
        -26.870777
       ],
       [
        -65.197699,
        -26.870647
       ],
       [
        -65.198831,
        -26.870474
       ],
       [
        -65.201118,
        -26.870187
       ],
       [
        -65.202465,
        -26.871537
       ],
       [
        -65.203707,
        -26.873046
       ]
      ]
     ]
    ]
   }
  },
  {
   "type": "Feature",
   "properties": {
    "nombre": "LOTEO LAS AMERICAS",
    "revisar": false
   },
   "geometry": {
    "type": "MultiPolygon",
    "coordinates": [
     [
      [
       [
        -65.249251,
        -26.804197
       ],
       [
        -65.247661,
        -26.80444
       ],
       [
        -65.246933,
        -26.804551
       ],
       [
        -65.246429,
        -26.802182
       ],
       [
        -65.24624,
        -26.801352
       ],
       [
        -65.247079,
        -26.801209
       ],
       [
        -65.246442,
        -26.798105
       ],
       [
        -65.249119,
        -26.797631
       ],
       [
        -65.24942,
        -26.798984
       ],
       [
        -65.24964,
        -26.800063
       ],
       [
        -65.250096,
        -26.80203
       ],
       [
        -65.250494,
        -26.803681
       ],
       [
        -65.249251,
        -26.804197
       ]
      ]
     ]
    ]
   }
  },
  {
   "type": "Feature",
   "properties": {
    "nombre": "LOTEO PITA",
    "revisar": false
   },
   "geometry": {
    "type": "MultiPolygon",
    "coordinates": [
     [
      [
       [
        -65.171186,
        -26.81673
       ],
       [
        -65.171479,
        -26.818011
       ],
       [
        -65.169237,
        -26.818407
       ],
       [
        -65.167667,
        -26.818686
       ],
       [
        -65.168239,
        -26.819811
       ],
       [
        -65.16708,
        -26.820031
       ],
       [
        -65.166745,
        -26.81885
       ],
       [
        -65.163954,
        -26.819335
       ],
       [
        -65.163514,
        -26.819434
       ],
       [
        -65.1629,
        -26.818707
       ],
       [
        -65.165771,
        -26.818224
       ],
       [
        -65.165645,
        -26.817735
       ],
       [
        -65.166888,
        -26.817519
       ],
       [
        -65.171186,
        -26.81673
       ]
      ]
     ]
    ]
   }
  },
  {
   "type": "Feature",
   "properties": {
    "nombre": "LUCAS CORDOBA",
    "revisar": false
   },
   "geometry": {
    "type": "MultiPolygon",
    "coordinates": [
     [
      [
       [
        -65.21316,
        -26.806256
       ],
       [
        -65.213101,
        -26.806025
       ],
       [
        -65.213042,
        -26.805792
       ],
       [
        -65.212989,
        -26.805568
       ],
       [
        -65.21257,
        -26.803941
       ],
       [
        -65.212377,
        -26.803197
       ],
       [
        -65.211896,
        -26.80108
       ],
       [
        -65.217529,
        -26.800013
       ],
       [
        -65.217803,
        -26.800264
       ],
       [
        -65.21512,
        -26.803504
       ],
       [
        -65.213859,
        -26.805248
       ],
       [
        -65.21316,
        -26.806256
       ]
      ]
     ]
    ]
   }
  },
  {
   "type": "Feature",
   "properties": {
    "nombre": "MANANTIAL IV",
    "revisar": false
   },
   "geometry": {
    "type": "MultiPolygon",
    "coordinates": [
     [
      [
       [
        -65.265563,
        -26.857404
       ],
       [
        -65.265575,
        -26.857422
       ],
       [
        -65.265772,
        -26.857847
       ],
       [
        -65.265949,
        -26.857931
       ],
       [
        -65.266127,
        -26.857945
       ],
       [
        -65.266248,
        -26.858024
       ],
       [
        -65.266397,
        -26.858221
       ],
       [
        -65.266687,
        -26.859131
       ],
       [
        -65.267648,
        -26.85969
       ],
       [
        -65.267983,
        -26.860065
       ],
       [
        -65.26825,
        -26.860721
       ],
       [
        -65.265295,
        -26.861327
       ],
       [
        -65.264361,
        -26.857642
       ],
       [
        -65.265563,
        -26.857404
       ]
      ]
     ]
    ]
   }
  },
  {
   "type": "Feature",
   "properties": {
    "nombre": "MANANTIAL SUR",
    "revisar": false
   },
   "geometry": {
    "type": "MultiPolygon",
    "coordinates": [
     [
      [
       [
        -65.259256,
        -26.862511
       ],
       [
        -65.260562,
        -26.862261
       ],
       [
        -65.261946,
        -26.868634
       ],
       [
        -65.260376,
        -26.86894
       ],
       [
        -65.250873,
        -26.87074
       ],
       [
        -65.244162,
        -26.87198
       ],
       [
        -65.239602,
        -26.872842
       ],
       [
        -65.236929,
        -26.869512
       ],
       [
        -65.243374,
        -26.868285
       ],
       [
        -65.242772,
        -26.865561
       ],
       [
        -65.247189,
        -26.864712
       ],
       [
        -65.24951,
        -26.864299
       ],
       [
        -65.255219,
        -26.863268
       ],
       [
        -65.256263,
        -26.863084
       ],
       [
        -65.258217,
        -26.86271
       ],
       [
        -65.259256,
        -26.862511
       ]
      ]
     ]
    ]
   }
  },
  {
   "type": "Feature",
   "properties": {
    "nombre": "MATADEROS",
    "revisar": false
   },
   "geometry": {
    "type": "MultiPolygon",
    "coordinates": [
     [
      [
       [
        -65.184607,
        -26.812058
       ],
       [
        -65.184972,
        -26.813511
       ],
       [
        -65.185214,
        -26.814472
       ],
       [
        -65.185528,
        -26.815781
       ],
       [
        -65.18406,
        -26.816047
       ],
       [
        -65.183714,
        -26.816113
       ],
       [
        -65.183609,
        -26.816018
       ],
       [
        -65.182575,
        -26.816189
       ],
       [
        -65.181929,
        -26.816296
       ],
       [
        -65.181168,
        -26.816422
       ],
       [
        -65.180503,
        -26.816532
       ],
       [
        -65.17967,
        -26.81667
       ],
       [
        -65.178332,
        -26.816889
       ],
       [
        -65.176648,
        -26.81717
       ],
       [
        -65.173529,
        -26.817678
       ],
       [
        -65.172814,
        -26.817794
       ],
       [
        -65.172542,
        -26.816611
       ],
       [
        -65.172323,
        -26.815659
       ],
       [
        -65.172855,
        -26.815576
       ],
       [
        -65.174349,
        -26.815331
       ],
       [
        -65.175892,
        -26.815097
       ],
       [
        -65.175758,
        -26.814375
       ],
       [
        -65.175636,
        -26.813711
       ],
       [
        -65.17586,
        -26.813677
       ],
       [
        -65.177541,
        -26.814939
       ],
       [
        -65.177677,
        -26.814909
       ],
       [
        -65.178062,
        -26.814838
       ],
       [
        -65.178063,
        -26.814838
       ],
       [
        -65.179026,
        -26.814676
       ],
       [
        -65.179304,
        -26.814613
       ],
       [
        -65.179304,
        -26.814613
       ],
       [
        -65.180532,
        -26.814373
       ],
       [
        -65.18211,
        -26.814053
       ],
       [
        -65.181737,
        -26.812621
       ],
       [
        -65.18301,
        -26.812371
       ],
       [
        -65.184607,
        -26.812058
       ],
       [
        -65.184607,
        -26.812058
       ]
      ]
     ]
    ]
   }
  },
  {
   "type": "Feature",
   "properties": {
    "nombre": "MERCANTIL",
    "revisar": false
   },
   "geometry": {
    "type": "MultiPolygon",
    "coordinates": [
     [
      [
       [
        -65.248044,
        -26.820034
       ],
       [
        -65.246847,
        -26.82027
       ],
       [
        -65.246376,
        -26.818396
       ],
       [
        -65.246201,
        -26.817708
       ],
       [
        -65.24726,
        -26.817512
       ],
       [
        -65.247439,
        -26.81809
       ],
       [
        -65.247589,
        -26.818572
       ],
       [
        -65.248044,
        -26.820034
       ]
      ]
     ]
    ]
   }
  },
  {
   "type": "Feature",
   "properties": {
    "nombre": "MICROCENTRO",
    "revisar": false
   },
   "geometry": {
    "type": "MultiPolygon",
    "coordinates": [
     [
      [
       [
        -65.202136,
        -26.832942
       ],
       [
        -65.201632,
        -26.830914
       ],
       [
        -65.201152,
        -26.828877
       ],
       [
        -65.200815,
        -26.827443
       ],
       [
        -65.200189,
        -26.824852
       ],
       [
        -65.20305,
        -26.82422
       ],
       [
        -65.209161,
        -26.822912
       ],
       [
        -65.209925,
        -26.82569
       ],
       [
        -65.210935,
        -26.829795
       ],
       [
        -65.211228,
        -26.830984
       ],
       [
        -65.212238,
        -26.835029
       ],
       [
        -65.209043,
        -26.835686
       ],
       [
        -65.203107,
        -26.837076
       ],
       [
        -65.202467,
        -26.834273
       ],
       [
        -65.202136,
        -26.832942
       ]
      ]
     ]
    ]
   }
  },
  {
   "type": "Feature",
   "properties": {
    "nombre": "MIGUEL LILLO",
    "revisar": false
   },
   "geometry": {
    "type": "MultiPolygon",
    "coordinates": [
     [
      [
       [
        -65.229758,
        -26.874799
       ],
       [
        -65.229764,
        -26.875602
       ],
       [
        -65.229746,
        -26.876154
       ],
       [
        -65.229826,
        -26.876833
       ],
       [
        -65.228748,
        -26.877056
       ],
       [
        -65.227317,
        -26.877329
       ],
       [
        -65.225783,
        -26.877621
       ],
       [
        -65.225109,
        -26.87775
       ],
       [
        -65.22482,
        -26.877121
       ],
       [
        -65.224581,
        -26.876606
       ],
       [
        -65.224215,
        -26.875826
       ],
       [
        -65.224432,
        -26.875786
       ],
       [
        -65.225325,
        -26.875624
       ],
       [
        -65.226136,
        -26.875477
       ],
       [
        -65.229758,
        -26.874799
       ]
      ]
     ]
    ]
   }
  },
  {
   "type": "Feature",
   "properties": {
    "nombre": "MIGUEL LILLO II (ampliacion miguel lillo)",
    "revisar": false
   },
   "geometry": {
    "type": "MultiPolygon",
    "coordinates": [
     [
      [
       [
        -65.234886,
        -26.873633
       ],
       [
        -65.234865,
        -26.8738
       ],
       [
        -65.230311,
        -26.874662
       ],
       [
        -65.230255,
        -26.870614
       ],
       [
        -65.233027,
        -26.870204
       ],
       [
        -65.234886,
        -26.873633
       ]
      ]
     ]
    ]
   }
  },
  {
   "type": "Feature",
   "properties": {
    "nombre": "MIGUEL LILLO III",
    "revisar": false
   },
   "geometry": {
    "type": "MultiPolygon",
    "coordinates": [
     [
      [
       [
        -65.234865,
        -26.8738
       ],
       [
        -65.23526,
        -26.874519
       ],
       [
        -65.235824,
        -26.875649
       ],
       [
        -65.234219,
        -26.876075
       ],
       [
        -65.232832,
        -26.876341
       ],
       [
        -65.230435,
        -26.876714
       ],
       [
        -65.230307,
        -26.874667
       ],
       [
        -65.234865,
        -26.8738
       ]
      ]
     ]
    ]
   }
  },
  {
   "type": "Feature",
   "properties": {
    "nombre": "MINETTI",
    "revisar": false
   },
   "geometry": {
    "type": "MultiPolygon",
    "coordinates": [
     [
      [
       [
        -65.177677,
        -26.814909
       ],
       [
        -65.177541,
        -26.814939
       ],
       [
        -65.17586,
        -26.813677
       ],
       [
        -65.177183,
        -26.813463
       ],
       [
        -65.177677,
        -26.814909
       ]
      ]
     ]
    ]
   }
  },
  {
   "type": "Feature",
   "properties": {
    "nombre": "MODELO",
    "revisar": false
   },
   "geometry": {
    "type": "MultiPolygon",
    "coordinates": [
     [
      [
       [
        -65.246429,
        -26.802182
       ],
       [
        -65.246745,
        -26.803667
       ],
       [
        -65.246933,
        -26.804551
       ],
       [
        -65.247187,
        -26.805701
       ],
       [
        -65.247333,
        -26.806353
       ],
       [
        -65.247474,
        -26.806864
       ],
       [
        -65.24168,
        -26.808016
       ],
       [
        -65.240831,
        -26.803162
       ],
       [
        -65.246429,
        -26.802182
       ]
      ]
     ]
    ]
   }
  },
  {
   "type": "Feature",
   "properties": {
    "nombre": "MUNICIPAL",
    "revisar": false
   },
   "geometry": {
    "type": "MultiPolygon",
    "coordinates": [
     [
      [
       [
        -65.254879,
        -26.835544
       ],
       [
        -65.25556,
        -26.838081
       ],
       [
        -65.255376,
        -26.838775
       ],
       [
        -65.25519,
        -26.839468
       ],
       [
        -65.253848,
        -26.839621
       ],
       [
        -65.252211,
        -26.839807
       ],
       [
        -65.252016,
        -26.839088
       ],
       [
        -65.251895,
        -26.838641
       ],
       [
        -65.251273,
        -26.836347
       ],
       [
        -65.253286,
        -26.835899
       ],
       [
        -65.254879,
        -26.835544
       ]
      ]
     ]
    ]
   }
  },
  {
   "type": "Feature",
   "properties": {
    "nombre": "MURGA",
    "revisar": false
   },
   "geometry": {
    "type": "MultiPolygon",
    "coordinates": [
     [
      [
       [
        -65.18921,
        -26.799548
       ],
       [
        -65.183699,
        -26.800729
       ],
       [
        -65.180445,
        -26.801451
       ],
       [
        -65.180302,
        -26.800829
       ],
       [
        -65.180195,
        -26.800364
       ],
       [
        -65.179968,
        -26.79937
       ],
       [
        -65.180597,
        -26.799244
       ],
       [
        -65.182251,
        -26.798928
       ],
       [
        -65.183789,
        -26.798582
       ],
       [
        -65.188661,
        -26.797755
       ],
       [
        -65.18921,
        -26.799548
       ]
      ]
     ]
    ]
   }
  },
  {
   "type": "Feature",
   "properties": {
    "nombre": "MUTUAL PROVINCIAL",
    "revisar": false
   },
   "geometry": {
    "type": "MultiPolygon",
    "coordinates": [
     [
      [
       [
        -65.253602,
        -26.855871
       ],
       [
        -65.25332,
        -26.854558
       ],
       [
        -65.252832,
        -26.852428
       ],
       [
        -65.254364,
        -26.852155
       ],
       [
        -65.254301,
        -26.851879
       ],
       [
        -65.25828,
        -26.85111
       ],
       [
        -65.25828,
        -26.85111
       ],
       [
        -65.258668,
        -26.852993
       ],
       [
        -65.256808,
        -26.853441
       ],
       [
        -65.256776,
        -26.853776
       ],
       [
        -65.254947,
        -26.85409
       ],
       [
        -65.255331,
        -26.855588
       ],
       [
        -65.253602,
        -26.855871
       ]
      ]
     ]
    ]
   }
  },
  {
   "type": "Feature",
   "properties": {
    "nombre": "NESTOR KIRCHNER I",
    "revisar": false
   },
   "geometry": {
    "type": "MultiPolygon",
    "coordinates": [
     [
      [
       [
        -65.247189,
        -26.864712
       ],
       [
        -65.242772,
        -26.865561
       ],
       [
        -65.239483,
        -26.866145
       ],
       [
        -65.239128,
        -26.864481
       ],
       [
        -65.240655,
        -26.864188
       ],
       [
        -65.24054,
        -26.863623
       ],
       [
        -65.242206,
        -26.863357
       ],
       [
        -65.242047,
        -26.862662
       ],
       [
        -65.235897,
        -26.863659
       ],
       [
        -65.238493,
        -26.861537
       ],
       [
        -65.241818,
        -26.858916
       ],
       [
        -65.242403,
        -26.861709
       ],
       [
        -65.243358,
        -26.862396
       ],
       [
        -65.247189,
        -26.864712
       ]
      ]
     ]
    ]
   }
  },
  {
   "type": "Feature",
   "properties": {
    "nombre": "NESTOR KIRCHNER II",
    "revisar": false
   },
   "geometry": {
    "type": "MultiPolygon",
    "coordinates": [
     [
      [
       [
        -65.224653,
        -26.876758
       ],
       [
        -65.22482,
        -26.877121
       ],
       [
        -65.225109,
        -26.87775
       ],
       [
        -65.22518,
        -26.877908
       ],
       [
        -65.222675,
        -26.878396
       ],
       [
        -65.22209,
        -26.876217
       ],
       [
        -65.224215,
        -26.875826
       ],
       [
        -65.224581,
        -26.876606
       ],
       [
        -65.224653,
        -26.876758
       ]
      ]
     ]
    ]
   }
  },
  {
   "type": "Feature",
   "properties": {
    "nombre": "NORGAS",
    "revisar": false
   },
   "geometry": {
    "type": "MultiPolygon",
    "coordinates": [
     [
      [
       [
        -65.220598,
        -26.849161
       ],
       [
        -65.220808,
        -26.849136
       ],
       [
        -65.221074,
        -26.849105
       ],
       [
        -65.221632,
        -26.848984
       ],
       [
        -65.221923,
        -26.850361
       ],
       [
        -65.220939,
        -26.850538
       ],
       [
        -65.220724,
        -26.849671
       ],
       [
        -65.220598,
        -26.849161
       ]
      ]
     ]
    ]
   }
  },
  {
   "type": "Feature",
   "properties": {
    "nombre": "NORTE",
    "revisar": false
   },
   "geometry": {
    "type": "MultiPolygon",
    "coordinates": [
     [
      [
       [
        -65.204853,
        -26.818057
       ],
       [
        -65.206168,
        -26.817805
       ],
       [
        -65.207785,
        -26.817496
       ],
       [
        -65.209426,
        -26.817175
       ],
       [
        -65.212151,
        -26.816643
       ],
       [
        -65.215212,
        -26.816089
       ],
       [
        -65.215448,
        -26.816247
       ],
       [
        -65.218615,
        -26.828204
       ],
       [
        -65.21591,
        -26.828894
       ],
       [
        -65.215525,
        -26.82899
       ],
       [
        -65.210935,
        -26.829795
       ],
       [
        -65.209925,
        -26.825687
       ],
       [
        -65.209161,
        -26.822912
       ],
       [
        -65.200189,
        -26.824852
       ],
       [
        -65.200815,
        -26.827443
       ],
       [
        -65.201152,
        -26.828877
       ],
       [
        -65.199139,
        -26.829158
       ],
       [
        -65.19646,
        -26.829609
       ],
       [
        -65.193913,
        -26.83005
       ],
       [
        -65.192361,
        -26.823373
       ],
       [
        -65.191685,
        -26.820468
       ],
       [
        -65.194137,
        -26.820119
       ],
       [
        -65.201784,
        -26.818652
       ],
       [
        -65.203294,
        -26.818356
       ],
       [
        -65.204853,
        -26.818057
       ]
      ]
     ]
    ]
   }
  },
  {
   "type": "Feature",
   "properties": {
    "nombre": "NUEVA ESPERANZA",
    "revisar": false
   },
   "geometry": {
    "type": "MultiPolygon",
    "coordinates": [
     [
      [
       [
        -65.22639,
        -26.891579
       ],
       [
        -65.224811,
        -26.888942
       ],
       [
        -65.224653,
        -26.88862
       ],
       [
        -65.224486,
        -26.88837
       ],
       [
        -65.222103,
        -26.888795
       ],
       [
        -65.222151,
        -26.887122
       ],
       [
        -65.227127,
        -26.886396
       ],
       [
        -65.227727,
        -26.888301
       ],
       [
        -65.227339,
        -26.888386
       ],
       [
        -65.228104,
        -26.889693
       ],
       [
        -65.226687,
        -26.891914
       ],
       [
        -65.22639,
        -26.891579
       ]
      ]
     ]
    ]
   }
  },
  {
   "type": "Feature",
   "properties": {
    "nombre": "NUEVA ESPERANZA II (2 DE ABRIL)",
    "revisar": false
   },
   "geometry": {
    "type": "MultiPolygon",
    "coordinates": [
     [
      [
       [
        -65.228938,
        -26.886155
       ],
       [
        -65.229032,
        -26.886144
       ],
       [
        -65.229271,
        -26.887218
       ],
       [
        -65.227929,
        -26.889209
       ],
       [
        -65.227421,
        -26.888471
       ],
       [
        -65.227809,
        -26.88837
       ],
       [
        -65.227841,
        -26.888286
       ],
       [
        -65.227201,
        -26.886384
       ],
       [
        -65.228938,
        -26.886155
       ]
      ]
     ]
    ]
   }
  },
  {
   "type": "Feature",
   "properties": {
    "nombre": "NUEVA VIDA",
    "revisar": false
   },
   "geometry": {
    "type": "MultiPolygon",
    "coordinates": [
     [
      [
       [
        -65.264003,
        -26.849988
       ],
       [
        -65.263659,
        -26.848617
       ],
       [
        -65.264003,
        -26.849988
       ],
       [
        -65.263659,
        -26.848617
       ],
       [
        -65.263389,
        -26.847538
       ],
       [
        -65.265349,
        -26.847131
       ],
       [
        -65.26593,
        -26.849609
       ],
       [
        -65.265193,
        -26.849746
       ],
       [
        -65.264003,
        -26.849988
       ]
      ]
     ]
    ]
   }
  },
  {
   "type": "Feature",
   "properties": {
    "nombre": "NUEVO HORIZONTE",
    "revisar": false
   },
   "geometry": {
    "type": "MultiPolygon",
    "coordinates": [
     [
      [
       [
        -65.172911,
        -26.82521
       ],
       [
        -65.172606,
        -26.825281
       ],
       [
        -65.172606,
        -26.825281
       ],
       [
        -65.172429,
        -26.825322
       ],
       [
        -65.17161,
        -26.825522
       ],
       [
        -65.170917,
        -26.825705
       ],
       [
        -65.170348,
        -26.82587
       ],
       [
        -65.170081,
        -26.825968
       ],
       [
        -65.169862,
        -26.826049
       ],
       [
        -65.169479,
        -26.825793
       ],
       [
        -65.168987,
        -26.825477
       ],
       [
        -65.168794,
        -26.825187
       ],
       [
        -65.169365,
        -26.825053
       ],
       [
        -65.17152,
        -26.824468
       ],
       [
        -65.171849,
        -26.824422
       ],
       [
        -65.172176,
        -26.824377
       ],
       [
        -65.172176,
        -26.824377
       ],
       [
        -65.172621,
        -26.824598
       ],
       [
        -65.172815,
        -26.8248
       ],
       [
        -65.173055,
        -26.825176
       ],
       [
        -65.172911,
        -26.82521
       ]
      ]
     ]
    ]
   }
  },
  {
   "type": "Feature",
   "properties": {
    "nombre": "O' CONNOR",
    "revisar": false
   },
   "geometry": {
    "type": "MultiPolygon",
    "coordinates": [
     [
      [
       [
        -65.253066,
        -26.799444
       ],
       [
        -65.24964,
        -26.800063
       ],
       [
        -65.24942,
        -26.798984
       ],
       [
        -65.249119,
        -26.797631
       ],
       [
        -65.248981,
        -26.797002
       ],
       [
        -65.24965,
        -26.796951
       ],
       [
        -65.251021,
        -26.796844
       ],
       [
        -65.251812,
        -26.796783
       ],
       [
        -65.252048,
        -26.797262
       ],
       [
        -65.252359,
        -26.797893
       ],
       [
        -65.253013,
        -26.799052
       ],
       [
        -65.253219,
        -26.799422
       ],
       [
        -65.253066,
        -26.799444
       ]
      ]
     ]
    ]
   }
  },
  {
   "type": "Feature",
   "properties": {
    "nombre": "OBISPO COLOMBRES",
    "revisar": false
   },
   "geometry": {
    "type": "MultiPolygon",
    "coordinates": [
     [
      [
       [
        -65.173773,
        -26.827077
       ],
       [
        -65.17404,
        -26.828179
       ],
       [
        -65.173214,
        -26.828337
       ],
       [
        -65.173296,
        -26.828755
       ],
       [
        -65.17339,
        -26.829237
       ],
       [
        -65.172999,
        -26.82935
       ],
       [
        -65.172553,
        -26.829478
       ],
       [
        -65.172266,
        -26.829561
       ],
       [
        -65.171893,
        -26.829668
       ],
       [
        -65.171455,
        -26.829794
       ],
       [
        -65.171081,
        -26.829221
       ],
       [
        -65.171159,
        -26.828746
       ],
       [
        -65.170994,
        -26.828178
       ],
       [
        -65.170845,
        -26.827663
       ],
       [
        -65.171655,
        -26.827501
       ],
       [
        -65.172328,
        -26.827366
       ],
       [
        -65.172897,
        -26.827252
       ],
       [
        -65.173232,
        -26.827185
       ],
       [
        -65.173773,
        -26.827077
       ]
      ]
     ]
    ]
   }
  },
  {
   "type": "Feature",
   "properties": {
    "nombre": "OBISPO PIEDRABUENA",
    "revisar": false
   },
   "geometry": {
    "type": "MultiPolygon",
    "coordinates": [
     [
      [
       [
        -65.17967,
        -26.81667
       ],
       [
        -65.183609,
        -26.816018
       ],
       [
        -65.183714,
        -26.816113
       ],
       [
        -65.185528,
        -26.815781
       ],
       [
        -65.185869,
        -26.817159
       ],
       [
        -65.186383,
        -26.819814
       ],
       [
        -65.180599,
        -26.820857
       ],
       [
        -65.17967,
        -26.81667
       ]
      ]
     ]
    ]
   }
  },
  {
   "type": "Feature",
   "properties": {
    "nombre": "OBRERO MUNICIPAL",
    "revisar": false
   },
   "geometry": {
    "type": "MultiPolygon",
    "coordinates": [
     [
      [
       [
        -65.181576,
        -26.811999
       ],
       [
        -65.186426,
        -26.811028
       ],
       [
        -65.186846,
        -26.811664
       ],
       [
        -65.184608,
        -26.812058
       ],
       [
        -65.181737,
        -26.812621
       ],
       [
        -65.181576,
        -26.811999
       ]
      ]
     ]
    ]
   }
  },
  {
   "type": "Feature",
   "properties": {
    "nombre": "OESTE  I",
    "revisar": false
   },
   "geometry": {
    "type": "MultiPolygon",
    "coordinates": [
     [
      [
       [
        -65.256651,
        -26.803537
       ],
       [
        -65.255452,
        -26.805874
       ],
       [
        -65.254522,
        -26.805516
       ],
       [
        -65.250564,
        -26.806188
       ],
       [
        -65.249815,
        -26.807667
       ],
       [
        -65.247812,
        -26.808058
       ],
       [
        -65.247474,
        -26.806864
       ],
       [
        -65.247333,
        -26.806353
       ],
       [
        -65.252318,
        -26.804226
       ],
       [
        -65.255662,
        -26.802811
       ],
       [
        -65.255775,
        -26.802763
       ],
       [
        -65.256651,
        -26.803537
       ]
      ]
     ]
    ]
   }
  },
  {
   "type": "Feature",
   "properties": {
    "nombre": "OESTE II",
    "revisar": false
   },
   "geometry": {
    "type": "MultiPolygon",
    "coordinates": [
     [
      [
       [
        -65.256666,
        -26.797844
       ],
       [
        -65.256666,
        -26.797844
       ],
       [
        -65.257338,
        -26.797631
       ],
       [
        -65.257845,
        -26.79931
       ],
       [
        -65.256575,
        -26.799611
       ],
       [
        -65.254988,
        -26.800096
       ],
       [
        -65.255179,
        -26.800662
       ],
       [
        -65.254276,
        -26.800893
       ],
       [
        -65.254792,
        -26.801537
       ],
       [
        -65.254778,
        -26.801886
       ],
       [
        -65.250494,
        -26.803681
       ],
       [
        -65.250096,
        -26.80203
       ],
       [
        -65.249859,
        -26.801029
       ],
       [
        -65.25207,
        -26.800635
       ],
       [
        -65.251986,
        -26.800261
       ],
       [
        -65.253007,
        -26.800088
       ],
       [
        -65.252953,
        -26.799847
       ],
       [
        -65.253156,
        -26.799428
       ],
       [
        -65.253219,
        -26.799422
       ],
       [
        -65.253013,
        -26.799052
       ],
       [
        -65.253294,
        -26.798871
       ],
       [
        -65.252394,
        -26.796988
       ],
       [
        -65.254033,
        -26.7969
       ],
       [
        -65.254245,
        -26.797355
       ],
       [
        -65.25562,
        -26.796932
       ],
       [
        -65.256024,
        -26.79805
       ],
       [
        -65.256666,
        -26.797844
       ]
      ]
     ]
    ]
   }
  },
  {
   "type": "Feature",
   "properties": {
    "nombre": "OJO DE AGUA",
    "revisar": false
   },
   "geometry": {
    "type": "MultiPolygon",
    "coordinates": [
     [
      [
       [
        -65.254502,
        -26.8232
       ],
       [
        -65.255494,
        -26.823029
       ],
       [
        -65.255097,
        -26.821276
       ],
       [
        -65.25585,
        -26.821114
       ],
       [
        -65.256414,
        -26.823724
       ],
       [
        -65.256638,
        -26.82369
       ],
       [
        -65.256881,
        -26.824981
       ],
       [
        -65.257008,
        -26.825599
       ],
       [
        -65.256572,
        -26.825679
       ],
       [
        -65.256212,
        -26.824159
       ],
       [
        -65.254786,
        -26.824411
       ],
       [
        -65.254502,
        -26.8232
       ]
      ]
     ]
    ]
   }
  },
  {
   "type": "Feature",
   "properties": {
    "nombre": "OJO DE AGUA D12",
    "revisar": false
   },
   "geometry": {
    "type": "MultiPolygon",
    "coordinates": [
     [
      [
       [
        -65.264823,
        -26.834216
       ],
       [
        -65.264877,
        -26.834766
       ],
       [
        -65.263717,
        -26.834829
       ],
       [
        -65.263618,
        -26.833828
       ],
       [
        -65.264775,
        -26.833726
       ],
       [
        -65.264823,
        -26.834216
       ]
      ]
     ]
    ]
   }
  },
  {
   "type": "Feature",
   "properties": {
    "nombre": "OLLEROS",
    "revisar": false
   },
   "geometry": {
    "type": "MultiPolygon",
    "coordinates": [
     [
      [
       [
        -65.22311,
        -26.856993
       ],
       [
        -65.223734,
        -26.857602
       ],
       [
        -65.223211,
        -26.857603
       ],
       [
        -65.223575,
        -26.858348
       ],
       [
        -65.223808,
        -26.858273
       ],
       [
        -65.224072,
        -26.85876
       ],
       [
        -65.224313,
        -26.859178
       ],
       [
        -65.223837,
        -26.859293
       ],
       [
        -65.223102,
        -26.859471
       ],
       [
        -65.222593,
        -26.859579
       ],
       [
        -65.222127,
        -26.859697
       ],
       [
        -65.221309,
        -26.859891
       ],
       [
        -65.220476,
        -26.860083
       ],
       [
        -65.219184,
        -26.860336
       ],
       [
        -65.218955,
        -26.859533
       ],
       [
        -65.218837,
        -26.859117
       ],
       [
        -65.219964,
        -26.858449
       ],
       [
        -65.220039,
        -26.858417
       ],
       [
        -65.221128,
        -26.857956
       ],
       [
        -65.222033,
        -26.857612
       ],
       [
        -65.222195,
        -26.857595
       ],
       [
        -65.222743,
        -26.857537
       ],
       [
        -65.222597,
        -26.857119
       ],
       [
        -65.22311,
        -26.856993
       ]
      ]
     ]
    ]
   }
  },
  {
   "type": "Feature",
   "properties": {
    "nombre": "PADILLA",
    "revisar": false
   },
   "geometry": {
    "type": "MultiPolygon",
    "coordinates": [
     [
      [
       [
        -65.248168,
        -26.809256
       ],
       [
        -65.247812,
        -26.808058
       ],
       [
        -65.249815,
        -26.807667
       ],
       [
        -65.250878,
        -26.807452
       ],
       [
        -65.251444,
        -26.810055
       ],
       [
        -65.248586,
        -26.810648
       ],
       [
        -65.248168,
        -26.809256
       ]
      ]
     ]
    ]
   }
  },
  {
   "type": "Feature",
   "properties": {
    "nombre": "PADRE MONTI",
    "revisar": false
   },
   "geometry": {
    "type": "MultiPolygon",
    "coordinates": [
     [
      [
       [
        -65.196938,
        -26.842631
       ],
       [
        -65.196972,
        -26.842772
       ],
       [
        -65.197098,
        -26.8433
       ],
       [
        -65.197696,
        -26.845802
       ],
       [
        -65.194521,
        -26.846684
       ],
       [
        -65.194713,
        -26.84304
       ],
       [
        -65.196938,
        -26.842631
       ]
      ]
     ]
    ]
   }
  },
  {
   "type": "Feature",
   "properties": {
    "nombre": "PARODI",
    "revisar": false
   },
   "geometry": {
    "type": "MultiPolygon",
    "coordinates": [
     [
      [
       [
        -65.221137,
        -26.866477
       ],
       [
        -65.221653,
        -26.869589
       ],
       [
        -65.219915,
        -26.869914
       ],
       [
        -65.212759,
        -26.871257
       ],
       [
        -65.210832,
        -26.868318
       ],
       [
        -65.213415,
        -26.867883
       ],
       [
        -65.217923,
        -26.867062
       ],
       [
        -65.221137,
        -26.866477
       ]
      ]
     ]
    ]
   }
  },
  {
   "type": "Feature",
   "properties": {
    "nombre": "PARQUE CENTENARIO",
    "revisar": false
   },
   "geometry": {
    "type": "MultiPolygon",
    "coordinates": [
     [
      [
       [
        -65.173529,
        -26.817678
       ],
       [
        -65.176648,
        -26.81717
       ],
       [
        -65.177677,
        -26.821406
       ],
       [
        -65.178022,
        -26.822831
       ],
       [
        -65.17451,
        -26.823633
       ],
       [
        -65.174219,
        -26.822206
       ],
       [
        -65.175215,
        -26.821952
       ],
       [
        -65.173529,
        -26.817678
       ]
      ]
     ]
    ]
   }
  },
  {
   "type": "Feature",
   "properties": {
    "nombre": "PARQUE GUILLERMINA",
    "revisar": false
   },
   "geometry": {
    "type": "MultiPolygon",
    "coordinates": [
     [
      [
       [
        -65.256357,
        -26.819982
       ],
       [
        -65.256633,
        -26.819935
       ],
       [
        -65.257189,
        -26.822244
       ],
       [
        -65.257766,
        -26.824867
       ],
       [
        -65.256881,
        -26.824981
       ],
       [
        -65.256638,
        -26.82369
       ],
       [
        -65.256414,
        -26.823724
       ],
       [
        -65.25585,
        -26.821114
       ],
       [
        -65.255097,
        -26.821276
       ],
       [
        -65.255494,
        -26.823029
       ],
       [
        -65.254502,
        -26.8232
       ],
       [
        -65.253697,
        -26.823339
       ],
       [
        -65.253119,
        -26.820558
       ],
       [
        -65.253761,
        -26.820432
       ],
       [
        -65.256357,
        -26.819982
       ]
      ]
     ]
    ]
   }
  },
  {
   "type": "Feature",
   "properties": {
    "nombre": "PARQUE GUILLERMINA (OESTE)",
    "revisar": false
   },
   "geometry": {
    "type": "MultiPolygon",
    "coordinates": [
     [
      [
       [
        -65.264677,
        -26.81845
       ],
       [
        -65.265251,
        -26.821242
       ],
       [
        -65.265582,
        -26.821845
       ],
       [
        -65.266619,
        -26.824995
       ],
       [
        -65.26653,
        -26.825837
       ],
       [
        -65.266191,
        -26.826407
       ],
       [
        -65.265978,
        -26.825519
       ],
       [
        -65.265692,
        -26.825607
       ],
       [
        -65.264839,
        -26.822624
       ],
       [
        -65.263008,
        -26.822975
       ],
       [
        -65.26286,
        -26.822388
       ],
       [
        -65.262995,
        -26.822328
       ],
       [
        -65.262832,
        -26.82159
       ],
       [
        -65.258817,
        -26.822291
       ],
       [
        -65.258245,
        -26.819625
       ],
       [
        -65.264677,
        -26.81845
       ]
      ]
     ]
    ]
   }
  },
  {
   "type": "Feature",
   "properties": {
    "nombre": "PARQUE SUR (FALIVENE)",
    "revisar": true
   },
   "geometry": {
    "type": "MultiPolygon",
    "coordinates": [
     [
      [
       [
        -65.227072,
        -26.881838
       ],
       [
        -65.227024,
        -26.88174
       ],
       [
        -65.226451,
        -26.880677
       ],
       [
        -65.226047,
        -26.879777
       ],
       [
        -65.225389,
        -26.878376
       ],
       [
        -65.229647,
        -26.877637
       ],
       [
        -65.229753,
        -26.877451
       ],
       [
        -65.229916,
        -26.881369
       ],
       [
        -65.227072,
        -26.881838
       ]
      ]
     ]
    ]
   }
  },
  {
   "type": "Feature",
   "properties": {
    "nombre": "PATRIA",
    "revisar": false
   },
   "geometry": {
    "type": "MultiPolygon",
    "coordinates": [
     [
      [
       [
        -65.181211,
        -26.836451
       ],
       [
        -65.182169,
        -26.836255
       ],
       [
        -65.182517,
        -26.837918
       ],
       [
        -65.181619,
        -26.83807
       ],
       [
        -65.181211,
        -26.836451
       ]
      ]
     ]
    ]
   }
  },
  {
   "type": "Feature",
   "properties": {
    "nombre": "PLAZOLETA MITRE",
    "revisar": false
   },
   "geometry": {
    "type": "MultiPolygon",
    "coordinates": [
     [
      [
       [
        -65.218286,
        -26.815251
       ],
       [
        -65.215626,
        -26.815756
       ],
       [
        -65.215649,
        -26.816058
       ],
       [
        -65.215448,
        -26.816247
       ],
       [
        -65.215212,
        -26.816089
       ],
       [
        -65.212151,
        -26.816643
       ],
       [
        -65.211361,
        -26.81382
       ],
       [
        -65.214729,
        -26.813102
       ],
       [
        -65.217592,
        -26.812549
       ],
       [
        -65.218286,
        -26.815251
       ]
      ]
     ]
    ]
   }
  },
  {
   "type": "Feature",
   "properties": {
    "nombre": "POLICIAL",
    "revisar": false
   },
   "geometry": {
    "type": "MultiPolygon",
    "coordinates": [
     [
      [
       [
        -65.257059,
        -26.841196
       ],
       [
        -65.257094,
        -26.841358
       ],
       [
        -65.257772,
        -26.844486
       ],
       [
        -65.257953,
        -26.845316
       ],
       [
        -65.252655,
        -26.846199
       ],
       [
        -65.252434,
        -26.846236
       ],
       [
        -65.252306,
        -26.846257
       ],
       [
        -65.254077,
        -26.842252
       ],
       [
        -65.254294,
        -26.841721
       ],
       [
        -65.254427,
        -26.841416
       ],
       [
        -65.25565,
        -26.842096
       ],
       [
        -65.255869,
        -26.842105
       ],
       [
        -65.256205,
        -26.842118
       ],
       [
        -65.256933,
        -26.841332
       ],
       [
        -65.257059,
        -26.841196
       ]
      ]
     ]
    ]
   }
  },
  {
   "type": "Feature",
   "properties": {
    "nombre": "POLICIAL I",
    "revisar": false
   },
   "geometry": {
    "type": "MultiPolygon",
    "coordinates": [
     [
      [
       [
        -65.19327,
        -26.795486
       ],
       [
        -65.191792,
        -26.795771
       ],
       [
        -65.191585,
        -26.794909
       ],
       [
        -65.191878,
        -26.794829
       ],
       [
        -65.193061,
        -26.794504
       ],
       [
        -65.19327,
        -26.795486
       ]
      ]
     ]
    ]
   }
  },
  {
   "type": "Feature",
   "properties": {
    "nombre": "POLICIAL IV",
    "revisar": false
   },
   "geometry": {
    "type": "MultiPolygon",
    "coordinates": [
     [
      [
       [
        -65.236929,
        -26.869512
       ],
       [
        -65.239602,
        -26.872842
       ],
       [
        -65.234865,
        -26.8738
       ],
       [
        -65.234884,
        -26.873636
       ],
       [
        -65.233026,
        -26.870203
       ],
       [
        -65.233162,
        -26.870169
       ],
       [
        -65.23316,
        -26.870046
       ],
       [
        -65.236753,
        -26.869292
       ],
       [
        -65.236929,
        -26.869512
       ]
      ]
     ]
    ]
   }
  },
  {
   "type": "Feature",
   "properties": {
    "nombre": "PRESIDENTE PERON",
    "revisar": false
   },
   "geometry": {
    "type": "MultiPolygon",
    "coordinates": [
     [
      [
       [
        -65.261604,
        -26.840356
       ],
       [
        -65.261007,
        -26.840464
       ],
       [
        -65.259355,
        -26.840763
       ],
       [
        -65.258563,
        -26.837504
       ],
       [
        -65.262311,
        -26.836876
       ],
       [
        -65.262621,
        -26.838865
       ],
       [
        -65.262821,
        -26.840135
       ],
       [
        -65.261604,
        -26.840356
       ]
      ]
     ]
    ]
   }
  },
  {
   "type": "Feature",
   "properties": {
    "nombre": "PRESIDENTE PERON (VERA)",
    "revisar": false
   },
   "geometry": {
    "type": "MultiPolygon",
    "coordinates": [
     [
      [
       [
        -65.221907,
        -26.854362
       ],
       [
        -65.221907,
        -26.854362
       ],
       [
        -65.221814,
        -26.853994
       ],
       [
        -65.223235,
        -26.853732
       ],
       [
        -65.223354,
        -26.854227
       ],
       [
        -65.223519,
        -26.854908
       ],
       [
        -65.223661,
        -26.855475
       ],
       [
        -65.22368,
        -26.855577
       ],
       [
        -65.22311,
        -26.85563
       ],
       [
        -65.22239,
        -26.855697
       ],
       [
        -65.222046,
        -26.854746
       ],
       [
        -65.221938,
        -26.854449
       ],
       [
        -65.221907,
        -26.854362
       ]
      ]
     ]
    ]
   }
  },
  {
   "type": "Feature",
   "properties": {
    "nombre": "PUERTO DARWIN",
    "revisar": false
   },
   "geometry": {
    "type": "MultiPolygon",
    "coordinates": [
     [
      [
       [
        -65.201091,
        -26.858909
       ],
       [
        -65.201288,
        -26.859747
       ],
       [
        -65.201429,
        -26.860346
       ],
       [
        -65.201658,
        -26.860959
       ],
       [
        -65.199821,
        -26.861353
       ],
       [
        -65.197387,
        -26.861875
       ],
       [
        -65.19716,
        -26.861153
       ],
       [
        -65.196777,
        -26.859952
       ],
       [
        -65.201091,
        -26.858909
       ]
      ]
     ]
    ]
   }
  },
  {
   "type": "Feature",
   "properties": {
    "nombre": "Rosa Mistica",
    "revisar": false
   },
   "geometry": {
    "type": "MultiPolygon",
    "coordinates": [
     [
      [
       [
        -65.249631,
        -26.851876
       ],
       [
        -65.25049,
        -26.851747
       ],
       [
        -65.250968,
        -26.853398
       ],
       [
        -65.248451,
        -26.853879
       ],
       [
        -65.248233,
        -26.853878
       ],
       [
        -65.249034,
        -26.853121
       ],
       [
        -65.249631,
        -26.851876
       ]
      ]
     ]
    ]
   }
  },
  {
   "type": "Feature",
   "properties": {
    "nombre": "ROSELLO",
    "revisar": false
   },
   "geometry": {
    "type": "MultiPolygon",
    "coordinates": [
     [
      [
       [
        -65.175886,
        -26.835163
       ],
       [
        -65.173995,
        -26.835527
       ],
       [
        -65.173379,
        -26.834336
       ],
       [
        -65.174364,
        -26.834119
       ],
       [
        -65.175427,
        -26.833912
       ],
       [
        -65.175612,
        -26.833876
       ],
       [
        -65.175755,
        -26.83455
       ],
       [
        -65.175886,
        -26.835163
       ]
      ]
     ]
    ]
   }
  },
  {
   "type": "Feature",
   "properties": {
    "nombre": "S.E.O.C.",
    "revisar": false
   },
   "geometry": {
    "type": "MultiPolygon",
    "coordinates": [
     [
      [
       [
        -65.244829,
        -26.853772
       ],
       [
        -65.242843,
        -26.854117
       ],
       [
        -65.24152,
        -26.854367
       ],
       [
        -65.240782,
        -26.854507
       ],
       [
        -65.240628,
        -26.853834
       ],
       [
        -65.240347,
        -26.852593
       ],
       [
        -65.24024,
        -26.852133
       ],
       [
        -65.245232,
        -26.851125
       ],
       [
        -65.245867,
        -26.853584
       ],
       [
        -65.244829,
        -26.853772
       ]
      ]
     ]
    ]
   }
  },
  {
   "type": "Feature",
   "properties": {
    "nombre": "S.M.A.T.A. II",
    "revisar": false
   },
   "geometry": {
    "type": "MultiPolygon",
    "coordinates": [
     [
      [
       [
        -65.261491,
        -26.852535
       ],
       [
        -65.262033,
        -26.855002
       ],
       [
        -65.261661,
        -26.854992
       ],
       [
        -65.261368,
        -26.854748
       ],
       [
        -65.260915,
        -26.854302
       ],
       [
        -65.260651,
        -26.85436
       ],
       [
        -65.259078,
        -26.854706
       ],
       [
        -65.258667,
        -26.852987
       ],
       [
        -65.25828,
        -26.85111
       ],
       [
        -65.258595,
        -26.851054
       ],
       [
        -65.258961,
        -26.85192
       ],
       [
        -65.259433,
        -26.851927
       ],
       [
        -65.25961,
        -26.852873
       ],
       [
        -65.259694,
        -26.853092
       ],
       [
        -65.259969,
        -26.852862
       ],
       [
        -65.261491,
        -26.852535
       ]
      ]
     ]
    ]
   }
  },
  {
   "type": "Feature",
   "properties": {
    "nombre": "S.M.A.T.A. III",
    "revisar": false
   },
   "geometry": {
    "type": "MultiPolygon",
    "coordinates": [
     [
      [
       [
        -65.261478,
        -26.852535
       ],
       [
        -65.259969,
        -26.852862
       ],
       [
        -65.259694,
        -26.853092
       ],
       [
        -65.25961,
        -26.852873
       ],
       [
        -65.259433,
        -26.851927
       ],
       [
        -65.258961,
        -26.85192
       ],
       [
        -65.258595,
        -26.851054
       ],
       [
        -65.260998,
        -26.85054
       ],
       [
        -65.26124,
        -26.851556
       ],
       [
        -65.261478,
        -26.852535
       ]
      ]
     ]
    ]
   }
  },
  {
   "type": "Feature",
   "properties": {
    "nombre": "SAN AGUSTIN",
    "revisar": false
   },
   "geometry": {
    "type": "MultiPolygon",
    "coordinates": [
     [
      [
       [
        -65.218809,
        -26.788771
       ],
       [
        -65.219158,
        -26.790237
       ],
       [
        -65.218809,
        -26.788771
       ],
       [
        -65.219158,
        -26.790237
       ],
       [
        -65.218809,
        -26.788771
       ],
       [
        -65.218454,
        -26.787136
       ],
       [
        -65.21998,
        -26.787616
       ],
       [
        -65.221074,
        -26.788554
       ],
       [
        -65.222154,
        -26.789595
       ],
       [
        -65.220827,
        -26.789884
       ],
       [
        -65.219158,
        -26.790237
       ],
       [
        -65.218809,
        -26.788771
       ]
      ]
     ]
    ]
   }
  },
  {
   "type": "Feature",
   "properties": {
    "nombre": "SAN ALBERTO",
    "revisar": false
   },
   "geometry": {
    "type": "MultiPolygon",
    "coordinates": [
     [
      [
       [
        -65.223366,
        -26.873956
       ],
       [
        -65.222149,
        -26.871268
       ],
       [
        -65.221653,
        -26.869589
       ],
       [
        -65.229599,
        -26.868533
       ],
       [
        -65.22956,
        -26.869308
       ],
       [
        -65.229595,
        -26.870665
       ],
       [
        -65.229217,
        -26.870689
       ],
       [
        -65.22915,
        -26.870699
       ],
       [
        -65.228249,
        -26.870829
       ],
       [
        -65.227863,
        -26.870884
       ],
       [
        -65.227604,
        -26.869571
       ],
       [
        -65.223622,
        -26.870133
       ],
       [
        -65.224596,
        -26.871311
       ],
       [
        -65.224938,
        -26.871911
       ],
       [
        -65.226044,
        -26.873473
       ],
       [
        -65.224772,
        -26.873703
       ],
       [
        -65.223366,
        -26.873956
       ]
      ]
     ]
    ]
   }
  },
  {
   "type": "Feature",
   "properties": {
    "nombre": "SAN ANIBAL",
    "revisar": false
   },
   "geometry": {
    "type": "MultiPolygon",
    "coordinates": [
     [
      [
       [
        -65.233063,
        -26.857814
       ],
       [
        -65.23454,
        -26.857515
       ],
       [
        -65.234594,
        -26.857819
       ],
       [
        -65.234672,
        -26.858261
       ],
       [
        -65.2347,
        -26.858422
       ],
       [
        -65.234857,
        -26.859108
       ],
       [
        -65.235042,
        -26.859812
       ],
       [
        -65.23516,
        -26.860311
       ],
       [
        -65.235326,
        -26.861016
       ],
       [
        -65.235462,
        -26.861683
       ],
       [
        -65.235897,
        -26.863659
       ],
       [
        -65.234278,
        -26.865017
       ],
       [
        -65.233943,
        -26.865298
       ],
       [
        -65.233084,
        -26.863973
       ],
       [
        -65.231655,
        -26.861813
       ],
       [
        -65.231428,
        -26.86149
       ],
       [
        -65.230541,
        -26.860729
       ],
       [
        -65.229954,
        -26.860355
       ],
       [
        -65.228815,
        -26.859556
       ],
       [
        -65.227862,
        -26.858866
       ],
       [
        -65.227862,
        -26.858866
       ],
       [
        -65.233063,
        -26.857814
       ]
      ]
     ]
    ]
   }
  },
  {
   "type": "Feature",
   "properties": {
    "nombre": "SAN BERNARDO",
    "revisar": false
   },
   "geometry": {
    "type": "MultiPolygon",
    "coordinates": [
     [
      [
       [
        -65.242683,
        -26.828551
       ],
       [
        -65.242999,
        -26.829721
       ],
       [
        -65.243037,
        -26.829856
       ],
       [
        -65.243695,
        -26.832209
       ],
       [
        -65.240715,
        -26.832673
       ],
       [
        -65.239791,
        -26.829153
       ],
       [
        -65.242683,
        -26.828551
       ]
      ]
     ]
    ]
   }
  },
  {
   "type": "Feature",
   "properties": {
    "nombre": "SAN CARLOS",
    "revisar": false
   },
   "geometry": {
    "type": "MultiPolygon",
    "coordinates": [
     [
      [
       [
        -65.250082,
        -26.825718
       ],
       [
        -65.2522,
        -26.825263
       ],
       [
        -65.252203,
        -26.825263
       ],
       [
        -65.2522,
        -26.825263
       ],
       [
        -65.252902,
        -26.827764
       ],
       [
        -65.253225,
        -26.828915
       ],
       [
        -65.253614,
        -26.830298
       ],
       [
        -65.250898,
        -26.830834
       ],
       [
        -65.251842,
        -26.834474
       ],
       [
        -65.24685,
        -26.835424
       ],
       [
        -65.245973,
        -26.831809
       ],
       [
        -65.243695,
        -26.832209
       ],
       [
        -65.243046,
        -26.82989
       ],
       [
        -65.244895,
        -26.82934
       ],
       [
        -65.244824,
        -26.829036
       ],
       [
        -65.246985,
        -26.828632
       ],
       [
        -65.246582,
        -26.826752
       ],
       [
        -65.24439,
        -26.82718
       ],
       [
        -65.244327,
        -26.826907
       ],
       [
        -65.244632,
        -26.826855
       ],
       [
        -65.244234,
        -26.825459
       ],
       [
        -65.245761,
        -26.825146
       ],
       [
        -65.245242,
        -26.82325
       ],
       [
        -65.244364,
        -26.823423
       ],
       [
        -65.244637,
        -26.824306
       ],
       [
        -65.243972,
        -26.824445
       ],
       [
        -65.243506,
        -26.822615
       ],
       [
        -65.246007,
        -26.822066
       ],
       [
        -65.247168,
        -26.826344
       ],
       [
        -65.250082,
        -26.825718
       ]
      ]
     ]
    ]
   }
  },
  {
   "type": "Feature",
   "properties": {
    "nombre": "SAN CAYETANO",
    "revisar": false
   },
   "geometry": {
    "type": "MultiPolygon",
    "coordinates": [
     [
      [
       [
        -65.199561,
        -26.845252
       ],
       [
        -65.200212,
        -26.847948
       ],
       [
        -65.200556,
        -26.849377
       ],
       [
        -65.200779,
        -26.850297
       ],
       [
        -65.201012,
        -26.851265
       ],
       [
        -65.201235,
        -26.852187
       ],
       [
        -65.201558,
        -26.853528
       ],
       [
        -65.20193,
        -26.854606
       ],
       [
        -65.202603,
        -26.855852
       ],
       [
        -65.20334,
        -26.856989
       ],
       [
        -65.203108,
        -26.857087
       ],
       [
        -65.203012,
        -26.856955
       ],
       [
        -65.202353,
        -26.857087
       ],
       [
        -65.202499,
        -26.857584
       ],
       [
        -65.202775,
        -26.858516
       ],
       [
        -65.202123,
        -26.858668
       ],
       [
        -65.201739,
        -26.858758
       ],
       [
        -65.201091,
        -26.858909
       ],
       [
        -65.20061,
        -26.859025
       ],
       [
        -65.199922,
        -26.859192
       ],
       [
        -65.196777,
        -26.859952
       ],
       [
        -65.195951,
        -26.86014
       ],
       [
        -65.19564,
        -26.859011
       ],
       [
        -65.194817,
        -26.859195
       ],
       [
        -65.194486,
        -26.859269
       ],
       [
        -65.194106,
        -26.859353
       ],
       [
        -65.193879,
        -26.859418
       ],
       [
        -65.193803,
        -26.859215
       ],
       [
        -65.193482,
        -26.858365
       ],
       [
        -65.193792,
        -26.858287
       ],
       [
        -65.19426,
        -26.858184
       ],
       [
        -65.194715,
        -26.858084
       ],
       [
        -65.195547,
        -26.8579
       ],
       [
        -65.196044,
        -26.857772
       ],
       [
        -65.197182,
        -26.857479
       ],
       [
        -65.198452,
        -26.857084
       ],
       [
        -65.198561,
        -26.85705
       ],
       [
        -65.198842,
        -26.857899
       ],
       [
        -65.199055,
        -26.857852
       ],
       [
        -65.200181,
        -26.857608
       ],
       [
        -65.199853,
        -26.856538
       ],
       [
        -65.199573,
        -26.855695
       ],
       [
        -65.199365,
        -26.854962
       ],
       [
        -65.199134,
        -26.854114
       ],
       [
        -65.194781,
        -26.85512
       ],
       [
        -65.193466,
        -26.855423
       ],
       [
        -65.192844,
        -26.855514
       ],
       [
        -65.194455,
        -26.853283
       ],
       [
        -65.196175,
        -26.850901
       ],
       [
        -65.198466,
        -26.847727
       ],
       [
        -65.19808,
        -26.847461
       ],
       [
        -65.198221,
        -26.847214
       ],
       [
        -65.197696,
        -26.845802
       ],
       [
        -65.199561,
        -26.845252
       ]
      ]
     ]
    ]
   }
  },
  {
   "type": "Feature",
   "properties": {
    "nombre": "SAN CRISTOBAL",
    "revisar": false
   },
   "geometry": {
    "type": "MultiPolygon",
    "coordinates": [
     [
      [
       [
        -65.24519,
        -26.855878
       ],
       [
        -65.241818,
        -26.858916
       ],
       [
        -65.241414,
        -26.857234
       ],
       [
        -65.241235,
        -26.856489
       ],
       [
        -65.241648,
        -26.856418
       ],
       [
        -65.243141,
        -26.856158
       ],
       [
        -65.244422,
        -26.85593
       ],
       [
        -65.244913,
        -26.855842
       ],
       [
        -65.24504,
        -26.85576
       ],
       [
        -65.24519,
        -26.855878
       ]
      ]
     ]
    ]
   }
  },
  {
   "type": "Feature",
   "properties": {
    "nombre": "SAN FERNANDO",
    "revisar": true
   },
   "geometry": {
    "type": "MultiPolygon",
    "coordinates": [
     [
      [
       [
        -65.241235,
        -26.856489
       ],
       [
        -65.241728,
        -26.858542
       ],
       [
        -65.241818,
        -26.858916
       ],
       [
        -65.241698,
        -26.85901
       ],
       [
        -65.241324,
        -26.859289
       ],
       [
        -65.240755,
        -26.859748
       ],
       [
        -65.239904,
        -26.860452
       ],
       [
        -65.238997,
        -26.861135
       ],
       [
        -65.235897,
        -26.863659
       ],
       [
        -65.234857,
        -26.859108
       ],
       [
        -65.2347,
        -26.858422
       ],
       [
        -65.240562,
        -26.857393
       ],
       [
        -65.239581,
        -26.852519
       ],
       [
        -65.240115,
        -26.852373
       ],
       [
        -65.24024,
        -26.852133
       ],
       [
        -65.241235,
        -26.856489
       ]
      ]
     ]
    ]
   }
  },
  {
   "type": "Feature",
   "properties": {
    "nombre": "SAN FRANCISCO",
    "revisar": false
   },
   "geometry": {
    "type": "MultiPolygon",
    "coordinates": [
     [
      [
       [
        -65.263703,
        -26.840031
       ],
       [
        -65.26572,
        -26.841033
       ],
       [
        -65.266503,
        -26.841355
       ],
       [
        -65.267049,
        -26.841821
       ],
       [
        -65.267408,
        -26.842127
       ],
       [
        -65.267713,
        -26.842387
       ],
       [
        -65.268403,
        -26.843719
       ],
       [
        -65.268956,
        -26.844787
       ],
       [
        -65.26949,
        -26.845989
       ],
       [
        -65.265304,
        -26.846822
       ],
       [
        -65.265349,
        -26.847131
       ],
       [
        -65.263389,
        -26.847538
       ],
       [
        -65.262682,
        -26.847677
       ],
       [
        -65.261289,
        -26.847938
       ],
       [
        -65.261182,
        -26.847401
       ],
       [
        -65.261135,
        -26.847165
       ],
       [
        -65.26103,
        -26.846625
       ],
       [
        -65.260902,
        -26.845983
       ],
       [
        -65.260745,
        -26.84601
       ],
       [
        -65.260609,
        -26.845368
       ],
       [
        -65.260702,
        -26.845336
       ],
       [
        -65.260565,
        -26.844732
       ],
       [
        -65.260411,
        -26.844709
       ],
       [
        -65.260253,
        -26.844071
       ],
       [
        -65.260095,
        -26.843435
       ],
       [
        -65.259925,
        -26.842745
       ],
       [
        -65.259751,
        -26.842127
       ],
       [
        -65.259579,
        -26.841472
       ],
       [
        -65.259355,
        -26.840763
       ],
       [
        -65.262821,
        -26.840135
       ],
       [
        -65.263703,
        -26.840031
       ]
      ]
     ]
    ]
   }
  },
  {
   "type": "Feature",
   "properties": {
    "nombre": "SAN GABRIEL",
    "revisar": false
   },
   "geometry": {
    "type": "MultiPolygon",
    "coordinates": [
     [
      [
       [
        -65.268134,
        -26.85647
       ],
       [
        -65.268647,
        -26.856395
       ],
       [
        -65.268841,
        -26.856891
       ],
       [
        -65.269639,
        -26.85964
       ],
       [
        -65.268425,
        -26.860097
       ],
       [
        -65.268094,
        -26.860088
       ],
       [
        -65.267973,
        -26.860033
       ],
       [
        -65.267765,
        -26.859778
       ],
       [
        -65.267368,
        -26.859541
       ],
       [
        -65.26672,
        -26.859141
       ],
       [
        -65.266389,
        -26.858232
       ],
       [
        -65.266227,
        -26.858
       ],
       [
        -65.266126,
        -26.857942
       ],
       [
        -65.265958,
        -26.857926
       ],
       [
        -65.26577,
        -26.857845
       ],
       [
        -65.265686,
        -26.857663
       ],
       [
        -65.265574,
        -26.857374
       ],
       [
        -65.265385,
        -26.857214
       ],
       [
        -65.265136,
        -26.8571
       ],
       [
        -65.266892,
        -26.856751
       ],
       [
        -65.266601,
        -26.85559
       ],
       [
        -65.267847,
        -26.855333
       ],
       [
        -65.268134,
        -26.85647
       ]
      ]
     ]
    ]
   }
  },
  {
   "type": "Feature",
   "properties": {
    "nombre": "SAN JOSE",
    "revisar": false
   },
   "geometry": {
    "type": "MultiPolygon",
    "coordinates": [
     [
      [
       [
        -65.242763,
        -26.836153
       ],
       [
        -65.241735,
        -26.83635
       ],
       [
        -65.240715,
        -26.832673
       ],
       [
        -65.243695,
        -26.832209
       ],
       [
        -65.245973,
        -26.831809
       ],
       [
        -65.24685,
        -26.835424
       ],
       [
        -65.244679,
        -26.835817
       ],
       [
        -65.242763,
        -26.836153
       ]
      ]
     ],
     [
      [
       [
        -65.250494,
        -26.803681
       ],
       [
        -65.254778,
        -26.801886
       ],
       [
        -65.254792,
        -26.801537
       ],
       [
        -65.254276,
        -26.800893
       ],
       [
        -65.255179,
        -26.800662
       ],
       [
        -65.254988,
        -26.800096
       ],
       [
        -65.256575,
        -26.799611
       ],
       [
        -65.257845,
        -26.79931
       ],
       [
        -65.257338,
        -26.797631
       ],
       [
        -65.258717,
        -26.797187
       ],
       [
        -65.259554,
        -26.799262
       ],
       [
        -65.260042,
        -26.800947
       ],
       [
        -65.256239,
        -26.802565
       ],
       [
        -65.255775,
        -26.802763
       ],
       [
        -65.255662,
        -26.802811
       ],
       [
        -65.252318,
        -26.804226
       ],
       [
        -65.247333,
        -26.806353
       ],
       [
        -65.246933,
        -26.804551
       ],
       [
        -65.249251,
        -26.804197
       ],
       [
        -65.250494,
        -26.803681
       ]
      ]
     ]
    ]
   }
  },
  {
   "type": "Feature",
   "properties": {
    "nombre": "SAN JOSE OBRERO",
    "revisar": false
   },
   "geometry": {
    "type": "MultiPolygon",
    "coordinates": [
     [
      [
       [
        -65.194295,
        -26.860518
       ],
       [
        -65.196777,
        -26.859952
       ],
       [
        -65.196909,
        -26.860369
       ],
       [
        -65.19716,
        -26.861153
       ],
       [
        -65.195366,
        -26.861575
       ],
       [
        -65.193959,
        -26.861859
       ],
       [
        -65.19307,
        -26.860996
       ],
       [
        -65.193022,
        -26.860845
       ],
       [
        -65.194295,
        -26.860518
       ]
      ]
     ]
    ]
   }
  },
  {
   "type": "Feature",
   "properties": {
    "nombre": "SAN JUAN BAUTISTA",
    "revisar": false
   },
   "geometry": {
    "type": "MultiPolygon",
    "coordinates": [
     [
      [
       [
        -65.246758,
        -26.854473
       ],
       [
        -65.24519,
        -26.855878
       ],
       [
        -65.24504,
        -26.85576
       ],
       [
        -65.244913,
        -26.855842
       ],
       [
        -65.244422,
        -26.85593
       ],
       [
        -65.243141,
        -26.856158
       ],
       [
        -65.242971,
        -26.856189
       ],
       [
        -65.242895,
        -26.855804
       ],
       [
        -65.242851,
        -26.855577
       ],
       [
        -65.242671,
        -26.855605
       ],
       [
        -65.242629,
        -26.855348
       ],
       [
        -65.242599,
        -26.855164
       ],
       [
        -65.24304,
        -26.85506
       ],
       [
        -65.243862,
        -26.85493
       ],
       [
        -65.244215,
        -26.854875
       ],
       [
        -65.245686,
        -26.854643
       ],
       [
        -65.246171,
        -26.854566
       ],
       [
        -65.246758,
        -26.854473
       ]
      ]
     ]
    ]
   }
  },
  {
   "type": "Feature",
   "properties": {
    "nombre": "SAN JUSTO",
    "revisar": false
   },
   "geometry": {
    "type": "MultiPolygon",
    "coordinates": [
     [
      [
       [
        -65.212432,
        -26.863653
       ],
       [
        -65.2122,
        -26.862522
       ],
       [
        -65.219459,
        -26.861124
       ],
       [
        -65.21987,
        -26.86228
       ],
       [
        -65.212432,
        -26.863653
       ]
      ]
     ]
    ]
   }
  },
  {
   "type": "Feature",
   "properties": {
    "nombre": "SAN LUIS",
    "revisar": false
   },
   "geometry": {
    "type": "MultiPolygon",
    "coordinates": [
     [
      [
       [
        -65.175584,
        -26.796083
       ],
       [
        -65.174489,
        -26.796339
       ],
       [
        -65.174192,
        -26.795112
       ],
       [
        -65.176626,
        -26.794581
       ],
       [
        -65.176729,
        -26.796065
       ],
       [
        -65.175638,
        -26.796299
       ],
       [
        -65.175584,
        -26.796083
       ]
      ]
     ]
    ]
   }
  },
  {
   "type": "Feature",
   "properties": {
    "nombre": "SAN MARCO",
    "revisar": false
   },
   "geometry": {
    "type": "MultiPolygon",
    "coordinates": [
     [
      [
       [
        -65.181211,
        -26.836451
       ],
       [
        -65.181619,
        -26.83807
       ],
       [
        -65.181266,
        -26.838287
       ],
       [
        -65.180087,
        -26.83851
       ],
       [
        -65.180148,
        -26.838886
       ],
       [
        -65.178797,
        -26.839149
       ],
       [
        -65.177821,
        -26.839322
       ],
       [
        -65.177547,
        -26.838137
       ],
       [
        -65.178348,
        -26.837967
       ],
       [
        -65.178019,
        -26.836281
       ],
       [
        -65.181062,
        -26.835632
       ],
       [
        -65.181211,
        -26.836451
       ]
      ]
     ]
    ]
   }
  },
  {
   "type": "Feature",
   "properties": {
    "nombre": "SAN MARTIN",
    "revisar": false
   },
   "geometry": {
    "type": "MultiPolygon",
    "coordinates": [
     [
      [
       [
        -65.181062,
        -26.835632
       ],
       [
        -65.183044,
        -26.835271
       ],
       [
        -65.18364,
        -26.837799
       ],
       [
        -65.183188,
        -26.837851
       ],
       [
        -65.183272,
        -26.838317
       ],
       [
        -65.181703,
        -26.838596
       ],
       [
        -65.181619,
        -26.83807
       ],
       [
        -65.182517,
        -26.837918
       ],
       [
        -65.182169,
        -26.836255
       ],
       [
        -65.181211,
        -26.836451
       ],
       [
        -65.181062,
        -26.835632
       ]
      ]
     ],
     [
      [
       [
        -65.268857,
        -26.830713
       ],
       [
        -65.268874,
        -26.830764
       ],
       [
        -65.269025,
        -26.83128
       ],
       [
        -65.26924,
        -26.832018
       ],
       [
        -65.26939,
        -26.83254
       ],
       [
        -65.269605,
        -26.833177
       ],
       [
        -65.2698,
        -26.833854
       ],
       [
        -65.269698,
        -26.833898
       ],
       [
        -65.269698,
        -26.833898
       ],
       [
        -65.269698,
        -26.833898
       ],
       [
        -65.269774,
        -26.834263
       ],
       [
        -65.269646,
        -26.834801
       ],
       [
        -65.269541,
        -26.835243
       ],
       [
        -65.269466,
        -26.836541
       ],
       [
        -65.269424,
        -26.837079
       ],
       [
        -65.269387,
        -26.837783
       ],
       [
        -65.26759,
        -26.837683
       ],
       [
        -65.267645,
        -26.837046
       ],
       [
        -65.267701,
        -26.836403
       ],
       [
        -65.267733,
        -26.836031
       ],
       [
        -65.267759,
        -26.835732
       ],
       [
        -65.266912,
        -26.835679
       ],
       [
        -65.266772,
        -26.835232
       ],
       [
        -65.266703,
        -26.835012
       ],
       [
        -65.266591,
        -26.834653
       ],
       [
        -65.266515,
        -26.83441
       ],
       [
        -65.266399,
        -26.834038
       ],
       [
        -65.266347,
        -26.833872
       ],
       [
        -65.266206,
        -26.833399
       ],
       [
        -65.265562,
        -26.831362
       ],
       [
        -65.266832,
        -26.831172
       ],
       [
        -65.268857,
        -26.830713
       ]
      ]
     ]
    ]
   }
  },
  {
   "type": "Feature",
   "properties": {
    "nombre": "SAN MARTIN DE PORRES",
    "revisar": false
   },
   "geometry": {
    "type": "MultiPolygon",
    "coordinates": [
     [
      [
       [
        -65.249777,
        -26.815867
       ],
       [
        -65.250039,
        -26.817018
       ],
       [
        -65.250563,
        -26.819493
       ],
       [
        -65.250796,
        -26.820247
       ],
       [
        -65.250978,
        -26.820959
       ],
       [
        -65.246007,
        -26.822066
       ],
       [
        -65.241166,
        -26.823129
       ],
       [
        -65.239778,
        -26.81798
       ],
       [
        -65.242728,
        -26.817387
       ],
       [
        -65.243295,
        -26.81929
       ],
       [
        -65.244341,
        -26.819073
       ],
       [
        -65.244263,
        -26.818737
       ],
       [
        -65.24418,
        -26.818589
       ],
       [
        -65.243401,
        -26.817251
       ],
       [
        -65.246856,
        -26.816511
       ],
       [
        -65.249777,
        -26.815867
       ]
      ]
     ]
    ]
   }
  },
  {
   "type": "Feature",
   "properties": {
    "nombre": "SAN MATEO",
    "revisar": false
   },
   "geometry": {
    "type": "MultiPolygon",
    "coordinates": [
     [
      [
       [
        -65.251593,
        -26.846313
       ],
       [
        -65.250866,
        -26.847964
       ],
       [
        -65.250719,
        -26.848298
       ],
       [
        -65.250277,
        -26.849301
       ],
       [
        -65.250032,
        -26.849858
       ],
       [
        -65.249892,
        -26.850174
       ],
       [
        -65.249012,
        -26.850361
       ],
       [
        -65.248123,
        -26.84701
       ],
       [
        -65.250679,
        -26.846496
       ],
       [
        -65.251593,
        -26.846313
       ]
      ]
     ]
    ]
   }
  },
  {
   "type": "Feature",
   "properties": {
    "nombre": "SAN MIGUEL",
    "revisar": false
   },
   "geometry": {
    "type": "MultiPolygon",
    "coordinates": [
     [
      [
       [
        -65.262401,
        -26.8552
       ],
       [
        -65.262482,
        -26.855893
       ],
       [
        -65.262602,
        -26.856574
       ],
       [
        -65.263525,
        -26.856429
       ],
       [
        -65.264141,
        -26.856939
       ],
       [
        -65.264367,
        -26.857629
       ],
       [
        -65.264566,
        -26.85835
       ],
       [
        -65.264734,
        -26.85899
       ],
       [
        -65.265292,
        -26.861298
       ],
       [
        -65.260946,
        -26.862165
       ],
       [
        -65.26011,
        -26.858496
       ],
       [
        -65.260138,
        -26.858459
       ],
       [
        -65.259693,
        -26.856501
       ],
       [
        -65.25952,
        -26.855629
       ],
       [
        -65.262082,
        -26.855133
       ],
       [
        -65.262401,
        -26.8552
       ]
      ]
     ],
     [
      [
       [
        -65.181619,
        -26.838071
       ],
       [
        -65.181703,
        -26.838595
       ],
       [
        -65.181864,
        -26.839246
       ],
       [
        -65.180379,
        -26.839559
       ],
       [
        -65.180396,
        -26.839731
       ],
       [
        -65.179272,
        -26.84003
       ],
       [
        -65.17887,
        -26.840137
       ],
       [
        -65.178061,
        -26.84037
       ],
       [
        -65.177821,
        -26.839322
       ],
       [
        -65.178659,
        -26.839176
       ],
       [
        -65.180148,
        -26.838886
       ],
       [
        -65.180087,
        -26.83851
       ],
       [
        -65.180822,
        -26.838371
       ],
       [
        -65.181266,
        -26.838287
       ],
       [
        -65.181619,
        -26.838071
       ]
      ]
     ]
    ]
   }
  },
  {
   "type": "Feature",
   "properties": {
    "nombre": "SAN MIGUEL I",
    "revisar": false
   },
   "geometry": {
    "type": "MultiPolygon",
    "coordinates": [
     [
      [
       [
        -65.182027,
        -26.840029
       ],
       [
        -65.182089,
        -26.840329
       ],
       [
        -65.181361,
        -26.840423
       ],
       [
        -65.181402,
        -26.840611
       ],
       [
        -65.179207,
        -26.841084
       ],
       [
        -65.178408,
        -26.841274
       ],
       [
        -65.178061,
        -26.84037
       ],
       [
        -65.17888,
        -26.840134
       ],
       [
        -65.179272,
        -26.84003
       ],
       [
        -65.180396,
        -26.839731
       ],
       [
        -65.180379,
        -26.839559
       ],
       [
        -65.181182,
        -26.839389
       ],
       [
        -65.181523,
        -26.839318
       ],
       [
        -65.181864,
        -26.839246
       ],
       [
        -65.181934,
        -26.839586
       ],
       [
        -65.182027,
        -26.840029
       ]
      ]
     ]
    ]
   }
  },
  {
   "type": "Feature",
   "properties": {
    "nombre": "SAN NICOLAS",
    "revisar": false
   },
   "geometry": {
    "type": "MultiPolygon",
    "coordinates": [
     [
      [
       [
        -65.224454,
        -26.859487
       ],
       [
        -65.224595,
        -26.859769
       ],
       [
        -65.224995,
        -26.860566
       ],
       [
        -65.225459,
        -26.862629
       ],
       [
        -65.220306,
        -26.863598
       ],
       [
        -65.21987,
        -26.86228
       ],
       [
        -65.219184,
        -26.860336
       ],
       [
        -65.219865,
        -26.860203
       ],
       [
        -65.220476,
        -26.860083
       ],
       [
        -65.221309,
        -26.859891
       ],
       [
        -65.222721,
        -26.859552
       ],
       [
        -65.224301,
        -26.859183
       ],
       [
        -65.224454,
        -26.859487
       ]
      ]
     ]
    ]
   }
  },
  {
   "type": "Feature",
   "properties": {
    "nombre": "SAN RAFAEL",
    "revisar": false
   },
   "geometry": {
    "type": "MultiPolygon",
    "coordinates": [
     [
      [
       [
        -65.229282,
        -26.790796
       ],
       [
        -65.229433,
        -26.791397
       ],
       [
        -65.227038,
        -26.791832
       ],
       [
        -65.226364,
        -26.791955
       ],
       [
        -65.226231,
        -26.791197
       ],
       [
        -65.229282,
        -26.790796
       ]
      ]
     ]
    ]
   }
  },
  {
   "type": "Feature",
   "properties": {
    "nombre": "SAN RAMON",
    "revisar": false
   },
   "geometry": {
    "type": "MultiPolygon",
    "coordinates": [
     [
      [
       [
        -65.184425,
        -26.794511
       ],
       [
        -65.182035,
        -26.795005
       ],
       [
        -65.181351,
        -26.795136
       ],
       [
        -65.179277,
        -26.795591
       ],
       [
        -65.178778,
        -26.7957
       ],
       [
        -65.178941,
        -26.796346
       ],
       [
        -65.176784,
        -26.796754
       ],
       [
        -65.176686,
        -26.795294
       ],
       [
        -65.176625,
        -26.794581
       ],
       [
        -65.176567,
        -26.794364
       ],
       [
        -65.17604,
        -26.793556
       ],
       [
        -65.175154,
        -26.792075
       ],
       [
        -65.175101,
        -26.791999
       ],
       [
        -65.175333,
        -26.791743
       ],
       [
        -65.175454,
        -26.791542
       ],
       [
        -65.175584,
        -26.79141
       ],
       [
        -65.175708,
        -26.791486
       ],
       [
        -65.175919,
        -26.791627
       ],
       [
        -65.176271,
        -26.791888
       ],
       [
        -65.176449,
        -26.792039
       ],
       [
        -65.176542,
        -26.792106
       ],
       [
        -65.176718,
        -26.792255
       ],
       [
        -65.176893,
        -26.792409
       ],
       [
        -65.177205,
        -26.792624
       ],
       [
        -65.177569,
        -26.792888
       ],
       [
        -65.177975,
        -26.793146
       ],
       [
        -65.178097,
        -26.793219
       ],
       [
        -65.178113,
        -26.793232
       ],
       [
        -65.17825,
        -26.793268
       ],
       [
        -65.178598,
        -26.793369
       ],
       [
        -65.179059,
        -26.793422
       ],
       [
        -65.179474,
        -26.793304
       ],
       [
        -65.180027,
        -26.793213
       ],
       [
        -65.180498,
        -26.793095
       ],
       [
        -65.180685,
        -26.792979
       ],
       [
        -65.181131,
        -26.792894
       ],
       [
        -65.181349,
        -26.792844
       ],
       [
        -65.182041,
        -26.792714
       ],
       [
        -65.182456,
        -26.792632
       ],
       [
        -65.182848,
        -26.792539
       ],
       [
        -65.183123,
        -26.792626
       ],
       [
        -65.183303,
        -26.792784
       ],
       [
        -65.18354,
        -26.793004
       ],
       [
        -65.183619,
        -26.793211
       ],
       [
        -65.183667,
        -26.793349
       ],
       [
        -65.184425,
        -26.794511
       ]
      ]
     ]
    ]
   }
  },
  {
   "type": "Feature",
   "properties": {
    "nombre": "SAN RAMON NONATO",
    "revisar": false
   },
   "geometry": {
    "type": "MultiPolygon",
    "coordinates": [
     [
      [
       [
        -65.219228,
        -26.87884
       ],
       [
        -65.218233,
        -26.87862
       ],
       [
        -65.21762,
        -26.878283
       ],
       [
        -65.217179,
        -26.877949
       ],
       [
        -65.216724,
        -26.877238
       ],
       [
        -65.222091,
        -26.876224
       ],
       [
        -65.222675,
        -26.878396
       ],
       [
        -65.220461,
        -26.878818
       ],
       [
        -65.219228,
        -26.87884
       ],
       [
        -65.218233,
        -26.87862
       ],
       [
        -65.219228,
        -26.87884
       ]
      ]
     ]
    ]
   }
  },
  {
   "type": "Feature",
   "properties": {
    "nombre": "SAN ROQUE I",
    "revisar": false
   },
   "geometry": {
    "type": "MultiPolygon",
    "coordinates": [
     [
      [
       [
        -65.181273,
        -26.804143
       ],
       [
        -65.181273,
        -26.804143
       ],
       [
        -65.183384,
        -26.803672
       ],
       [
        -65.185469,
        -26.803243
       ],
       [
        -65.185791,
        -26.804558
       ],
       [
        -65.181943,
        -26.805307
       ],
       [
        -65.181273,
        -26.804143
       ]
      ]
     ]
    ]
   }
  },
  {
   "type": "Feature",
   "properties": {
    "nombre": "SAN ROQUE II",
    "revisar": false
   },
   "geometry": {
    "type": "MultiPolygon",
    "coordinates": [
     [
      [
       [
        -65.172795,
        -26.795417
       ],
       [
        -65.173338,
        -26.794674
       ],
       [
        -65.174303,
        -26.793136
       ],
       [
        -65.174649,
        -26.793827
       ],
       [
        -65.17525,
        -26.793671
       ],
       [
        -65.175681,
        -26.794786
       ],
       [
        -65.174196,
        -26.79511
       ],
       [
        -65.172795,
        -26.795417
       ]
      ]
     ]
    ]
   }
  },
  {
   "type": "Feature",
   "properties": {
    "nombre": "SAN ROQUE OESTE",
    "revisar": false
   },
   "geometry": {
    "type": "MultiPolygon",
    "coordinates": [
     [
      [
       [
        -65.224954,
        -26.798529
       ],
       [
        -65.225314,
        -26.79982
       ],
       [
        -65.218126,
        -26.801231
       ],
       [
        -65.217847,
        -26.800299
       ],
       [
        -65.218206,
        -26.799846
       ],
       [
        -65.224954,
        -26.798529
       ]
      ]
     ]
    ]
   }
  },
  {
   "type": "Feature",
   "properties": {
    "nombre": "SANTA ANA",
    "revisar": false
   },
   "geometry": {
    "type": "MultiPolygon",
    "coordinates": [
     [
      [
       [
        -65.252211,
        -26.839807
       ],
       [
        -65.253848,
        -26.839621
       ],
       [
        -65.25519,
        -26.839468
       ],
       [
        -65.254105,
        -26.841077
       ],
       [
        -65.253701,
        -26.8411
       ],
       [
        -65.252606,
        -26.841163
       ],
       [
        -65.252407,
        -26.840481
       ],
       [
        -65.252211,
        -26.839807
       ]
      ]
     ]
    ]
   }
  },
  {
   "type": "Feature",
   "properties": {
    "nombre": "SANTA ELENA",
    "revisar": false
   },
   "geometry": {
    "type": "MultiPolygon",
    "coordinates": [
     [
      [
       [
        -65.24041,
        -26.856646
       ],
       [
        -65.240562,
        -26.857393
       ],
       [
        -65.238171,
        -26.857813
       ],
       [
        -65.237776,
        -26.857875
       ],
       [
        -65.237404,
        -26.857949
       ],
       [
        -65.236015,
        -26.858206
       ],
       [
        -65.235228,
        -26.85835
       ],
       [
        -65.2347,
        -26.858422
       ],
       [
        -65.234617,
        -26.857757
       ],
       [
        -65.234481,
        -26.857021
       ],
       [
        -65.234339,
        -26.856269
       ],
       [
        -65.235518,
        -26.856055
       ],
       [
        -65.235797,
        -26.857519
       ],
       [
        -65.237268,
        -26.857263
       ],
       [
        -65.238976,
        -26.856917
       ],
       [
        -65.24041,
        -26.856646
       ]
      ]
     ]
    ]
   }
  },
  {
   "type": "Feature",
   "properties": {
    "nombre": "SANTA MARTA",
    "revisar": false
   },
   "geometry": {
    "type": "MultiPolygon",
    "coordinates": [
     [
      [
       [
        -65.261289,
        -26.847938
       ],
       [
        -65.262682,
        -26.847677
       ],
       [
        -65.262986,
        -26.848919
       ],
       [
        -65.263293,
        -26.850205
       ],
       [
        -65.262099,
        -26.850438
       ],
       [
        -65.261871,
        -26.85037
       ],
       [
        -65.261289,
        -26.847938
       ]
      ]
     ]
    ]
   }
  },
  {
   "type": "Feature",
   "properties": {
    "nombre": "SANTA RITA",
    "revisar": false
   },
   "geometry": {
    "type": "MultiPolygon",
    "coordinates": [
     [
      [
       [
        -65.238046,
        -26.85281
       ],
       [
        -65.232161,
        -26.853942
       ],
       [
        -65.231876,
        -26.852645
       ],
       [
        -65.236058,
        -26.851845
       ],
       [
        -65.23776,
        -26.851566
       ],
       [
        -65.238046,
        -26.85281
       ]
      ]
     ]
    ]
   }
  },
  {
   "type": "Feature",
   "properties": {
    "nombre": "SANTA ROSA DE LIMA",
    "revisar": false
   },
   "geometry": {
    "type": "MultiPolygon",
    "coordinates": [
     [
      [
       [
        -65.17898,
        -26.813133
       ],
       [
        -65.178892,
        -26.813901
       ],
       [
        -65.179304,
        -26.814613
       ],
       [
        -65.178063,
        -26.814838
       ],
       [
        -65.177731,
        -26.813366
       ],
       [
        -65.17898,
        -26.813133
       ]
      ]
     ]
    ]
   }
  },
  {
   "type": "Feature",
   "properties": {
    "nombre": "SANTO TOMAS APOSTOL",
    "revisar": false
   },
   "geometry": {
    "type": "MultiPolygon",
    "coordinates": [
     [
      [
       [
        -65.24439,
        -26.82718
       ],
       [
        -65.246582,
        -26.826752
       ],
       [
        -65.246985,
        -26.828632
       ],
       [
        -65.244824,
        -26.829036
       ],
       [
        -65.24439,
        -26.82718
       ]
      ]
     ]
    ]
   }
  },
  {
   "type": "Feature",
   "properties": {
    "nombre": "SARGENTO LAI",
    "revisar": false
   },
   "geometry": {
    "type": "MultiPolygon",
    "coordinates": [
     [
      [
       [
        -65.220939,
        -26.850538
       ],
       [
        -65.218285,
        -26.851076
       ],
       [
        -65.220939,
        -26.850538
       ],
       [
        -65.221907,
        -26.854362
       ],
       [
        -65.221087,
        -26.854129
       ],
       [
        -65.220473,
        -26.853955
       ],
       [
        -65.220158,
        -26.853866
       ],
       [
        -65.219463,
        -26.853725
       ],
       [
        -65.219286,
        -26.853073
       ],
       [
        -65.21896,
        -26.852305
       ],
       [
        -65.218285,
        -26.851076
       ],
       [
        -65.220939,
        -26.850538
       ]
      ]
     ]
    ]
   }
  },
  {
   "type": "Feature",
   "properties": {
    "nombre": "SARMIENTO",
    "revisar": false
   },
   "geometry": {
    "type": "MultiPolygon",
    "coordinates": [
     [
      [
       [
        -65.182272,
        -26.841212
       ],
       [
        -65.182272,
        -26.841212
       ],
       [
        -65.182272,
        -26.841212
       ],
       [
        -65.181864,
        -26.839246
       ],
       [
        -65.181703,
        -26.838595
       ],
       [
        -65.183276,
        -26.838316
       ],
       [
        -65.184514,
        -26.838018
       ],
       [
        -65.184905,
        -26.839768
       ],
       [
        -65.185107,
        -26.840666
       ],
       [
        -65.182272,
        -26.841212
       ]
      ]
     ]
    ]
   }
  },
  {
   "type": "Feature",
   "properties": {
    "nombre": "SECTOR URBANO CONGRESO 3900",
    "revisar": false
   },
   "geometry": {
    "type": "MultiPolygon",
    "coordinates": [
     [
      [
       [
        -65.22113,
        -26.88389
       ],
       [
        -65.219591,
        -26.881723
       ],
       [
        -65.217986,
        -26.87932
       ],
       [
        -65.217506,
        -26.878473
       ],
       [
        -65.217128,
        -26.877983
       ],
       [
        -65.217171,
        -26.877965
       ],
       [
        -65.217597,
        -26.878297
       ],
       [
        -65.218223,
        -26.878637
       ],
       [
        -65.219218,
        -26.878861
       ],
       [
        -65.220414,
        -26.878849
       ],
       [
        -65.220577,
        -26.879354
       ],
       [
        -65.220014,
        -26.879483
       ],
       [
        -65.220479,
        -26.880851
       ],
       [
        -65.221087,
        -26.880729
       ],
       [
        -65.221385,
        -26.881733
       ],
       [
        -65.220856,
        -26.881833
       ],
       [
        -65.221523,
        -26.883763
       ],
       [
        -65.22113,
        -26.88389
       ]
      ]
     ]
    ]
   }
  },
  {
   "type": "Feature",
   "properties": {
    "nombre": "SEOC-SINDICATO DE EMPLEADOS Y OBREROS DEL COMERCIO (PALMERAS II)",
    "revisar": false
   },
   "geometry": {
    "type": "MultiPolygon",
    "coordinates": [
     [
      [
       [
        -65.229616,
        -26.870644
       ],
       [
        -65.229582,
        -26.871198
       ],
       [
        -65.229569,
        -26.871559
       ],
       [
        -65.229571,
        -26.872596
       ],
       [
        -65.229578,
        -26.873516
       ],
       [
        -65.22958,
        -26.874362
       ],
       [
        -65.229756,
        -26.874799
       ],
       [
        -65.227512,
        -26.875228
       ],
       [
        -65.226136,
        -26.875477
       ],
       [
        -65.225325,
        -26.875624
       ],
       [
        -65.224432,
        -26.875786
       ],
       [
        -65.224215,
        -26.875826
       ],
       [
        -65.223955,
        -26.875239
       ],
       [
        -65.223677,
        -26.874613
       ],
       [
        -65.223366,
        -26.873956
       ],
       [
        -65.224772,
        -26.873703
       ],
       [
        -65.226044,
        -26.873473
       ],
       [
        -65.226389,
        -26.873411
       ],
       [
        -65.22702,
        -26.873297
       ],
       [
        -65.228283,
        -26.873069
       ],
       [
        -65.228062,
        -26.871919
       ],
       [
        -65.227962,
        -26.871402
       ],
       [
        -65.227863,
        -26.870884
       ],
       [
        -65.228249,
        -26.870829
       ],
       [
        -65.22915,
        -26.870699
       ],
       [
        -65.229217,
        -26.870689
       ],
       [
        -65.229616,
        -26.870644
       ]
      ]
     ]
    ]
   }
  },
  {
   "type": "Feature",
   "properties": {
    "nombre": "SEOC-SINDICATO EMPLEADOS Y OBREROS DEL COMERCIO",
    "revisar": false
   },
   "geometry": {
    "type": "MultiPolygon",
    "coordinates": [
     [
      [
       [
        -65.18039,
        -26.801212
       ],
       [
        -65.18039,
        -26.801212
       ],
       [
        -65.180444,
        -26.80145
       ],
       [
        -65.179108,
        -26.801727
       ],
       [
        -65.178417,
        -26.80187
       ],
       [
        -65.177711,
        -26.802017
       ],
       [
        -65.17716,
        -26.802128
       ],
       [
        -65.176582,
        -26.80225
       ],
       [
        -65.17631,
        -26.801182
       ],
       [
        -65.176042,
        -26.800132
       ],
       [
        -65.176726,
        -26.800005
       ],
       [
        -65.177442,
        -26.799871
       ],
       [
        -65.178575,
        -26.799661
       ],
       [
        -65.178845,
        -26.799603
       ],
       [
        -65.179125,
        -26.799542
       ],
       [
        -65.179753,
        -26.799407
       ],
       [
        -65.179968,
        -26.79937
       ],
       [
        -65.180195,
        -26.800364
       ],
       [
        -65.180302,
        -26.800829
       ],
       [
        -65.18039,
        -26.801212
       ]
      ]
     ]
    ]
   }
  },
  {
   "type": "Feature",
   "properties": {
    "nombre": "SITRAVI I",
    "revisar": false
   },
   "geometry": {
    "type": "MultiPolygon",
    "coordinates": [
     [
      [
       [
        -65.182359,
        -26.811276
       ],
       [
        -65.18057,
        -26.811623
       ],
       [
        -65.178885,
        -26.811947
       ],
       [
        -65.17857,
        -26.81131
       ],
       [
        -65.178344,
        -26.810663
       ],
       [
        -65.182011,
        -26.80986
       ],
       [
        -65.182359,
        -26.811276
       ]
      ]
     ]
    ]
   }
  },
  {
   "type": "Feature",
   "properties": {
    "nombre": "SITRAVI II",
    "revisar": false
   },
   "geometry": {
    "type": "MultiPolygon",
    "coordinates": [
     [
      [
       [
        -65.242759,
        -26.81465
       ],
       [
        -65.245613,
        -26.814014
       ],
       [
        -65.245948,
        -26.815313
       ],
       [
        -65.243041,
        -26.8159
       ],
       [
        -65.242759,
        -26.81465
       ]
      ]
     ]
    ]
   }
  },
  {
   "type": "Feature",
   "properties": {
    "nombre": "SMATA",
    "revisar": false
   },
   "geometry": {
    "type": "MultiPolygon",
    "coordinates": [
     [
      [
       [
        -65.266399,
        -26.834038
       ],
       [
        -65.266515,
        -26.83441
       ],
       [
        -65.266591,
        -26.834653
       ],
       [
        -65.266703,
        -26.835012
       ],
       [
        -65.266772,
        -26.835232
       ],
       [
        -65.266912,
        -26.835679
       ],
       [
        -65.264984,
        -26.835841
       ],
       [
        -65.264943,
        -26.835432
       ],
       [
        -65.264913,
        -26.835128
       ],
       [
        -65.264872,
        -26.834761
       ],
       [
        -65.264856,
        -26.834504
       ],
       [
        -65.264823,
        -26.834205
       ],
       [
        -65.265982,
        -26.834084
       ],
       [
        -65.266399,
        -26.834038
       ]
      ]
     ]
    ]
   }
  },
  {
   "type": "Feature",
   "properties": {
    "nombre": "SOLDADO GUANCA",
    "revisar": false
   },
   "geometry": {
    "type": "MultiPolygon",
    "coordinates": [
     [
      [
       [
        -65.212803,
        -26.85804
       ],
       [
        -65.213611,
        -26.857922
       ],
       [
        -65.213624,
        -26.857986
       ],
       [
        -65.213673,
        -26.858207
       ],
       [
        -65.213789,
        -26.858744
       ],
       [
        -65.214204,
        -26.858644
       ],
       [
        -65.214705,
        -26.858524
       ],
       [
        -65.214817,
        -26.858965
       ],
       [
        -65.214836,
        -26.85903
       ],
       [
        -65.215266,
        -26.858936
       ],
       [
        -65.215605,
        -26.859179
       ],
       [
        -65.21583,
        -26.859233
       ],
       [
        -65.21601,
        -26.859286
       ],
       [
        -65.216095,
        -26.859286
       ],
       [
        -65.216626,
        -26.859281
       ],
       [
        -65.21713,
        -26.859217
       ],
       [
        -65.217195,
        -26.859457
       ],
       [
        -65.217235,
        -26.859602
       ],
       [
        -65.215473,
        -26.859974
       ],
       [
        -65.215342,
        -26.859921
       ],
       [
        -65.214477,
        -26.860076
       ],
       [
        -65.213932,
        -26.860169
       ],
       [
        -65.213202,
        -26.860292
       ],
       [
        -65.211723,
        -26.860542
       ],
       [
        -65.211596,
        -26.859943
       ],
       [
        -65.211548,
        -26.859711
       ],
       [
        -65.212261,
        -26.859525
       ],
       [
        -65.212192,
        -26.859095
       ],
       [
        -65.21297,
        -26.858922
       ],
       [
        -65.21287,
        -26.858398
       ],
       [
        -65.212803,
        -26.85804
       ],
       [
        -65.212803,
        -26.85804
       ]
      ]
     ]
    ]
   }
  },
  {
   "type": "Feature",
   "properties": {
    "nombre": "SUR",
    "revisar": false
   },
   "geometry": {
    "type": "MultiPolygon",
    "coordinates": [
     [
      [
       [
        -65.218615,
        -26.828204
       ],
       [
        -65.218957,
        -26.829666
       ],
       [
        -65.219238,
        -26.830871
       ],
       [
        -65.21963,
        -26.832546
       ],
       [
        -65.220045,
        -26.834325
       ],
       [
        -65.220773,
        -26.83744
       ],
       [
        -65.221192,
        -26.839205
       ],
       [
        -65.221476,
        -26.840449
       ],
       [
        -65.220072,
        -26.840749
       ],
       [
        -65.219438,
        -26.840885
       ],
       [
        -65.21861,
        -26.841062
       ],
       [
        -65.218156,
        -26.84115
       ],
       [
        -65.21729,
        -26.841319
       ],
       [
        -65.216298,
        -26.841513
       ],
       [
        -65.215574,
        -26.841655
       ],
       [
        -65.214015,
        -26.841959
       ],
       [
        -65.213195,
        -26.842119
       ],
       [
        -65.212098,
        -26.842333
       ],
       [
        -65.210812,
        -26.842584
       ],
       [
        -65.209428,
        -26.842855
       ],
       [
        -65.207858,
        -26.843161
       ],
       [
        -65.206195,
        -26.843486
       ],
       [
        -65.204753,
        -26.843775
       ],
       [
        -65.203237,
        -26.844064
       ],
       [
        -65.201677,
        -26.844368
       ],
       [
        -65.200577,
        -26.844583
       ],
       [
        -65.200093,
        -26.84468
       ],
       [
        -65.199818,
        -26.843557
       ],
       [
        -65.199693,
        -26.843045
       ],
       [
        -65.19945,
        -26.84205
       ],
       [
        -65.199185,
        -26.840966
       ],
       [
        -65.199093,
        -26.840587
       ],
       [
        -65.198695,
        -26.83896
       ],
       [
        -65.198494,
        -26.838136
       ],
       [
        -65.198174,
        -26.83682
       ],
       [
        -65.19804,
        -26.836269
       ],
       [
        -65.197479,
        -26.833961
       ],
       [
        -65.197609,
        -26.833932
       ],
       [
        -65.199131,
        -26.833619
       ],
       [
        -65.200649,
        -26.833269
       ],
       [
        -65.202136,
        -26.832942
       ],
       [
        -65.202467,
        -26.834273
       ],
       [
        -65.202771,
        -26.835648
       ],
       [
        -65.203107,
        -26.837076
       ],
       [
        -65.204536,
        -26.836722
       ],
       [
        -65.20605,
        -26.836379
       ],
       [
        -65.20764,
        -26.836011
       ],
       [
        -65.209043,
        -26.835686
       ],
       [
        -65.210637,
        -26.835339
       ],
       [
        -65.212233,
        -26.835029
       ],
       [
        -65.211941,
        -26.833846
       ],
       [
        -65.211584,
        -26.832462
       ],
       [
        -65.211199,
        -26.830979
       ],
       [
        -65.210924,
        -26.829826
       ],
       [
        -65.212468,
        -26.829528
       ],
       [
        -65.214017,
        -26.829237
       ],
       [
        -65.215525,
        -26.82899
       ],
       [
        -65.21591,
        -26.828894
       ],
       [
        -65.217225,
        -26.828558
       ],
       [
        -65.218615,
        -26.828204
       ]
      ]
     ]
    ]
   }
  },
  {
   "type": "Feature",
   "properties": {
    "nombre": "SUTIAGA",
    "revisar": false
   },
   "geometry": {
    "type": "MultiPolygon",
    "coordinates": [
     [
      [
       [
        -65.24041,
        -26.856646
       ],
       [
        -65.235797,
        -26.857519
       ],
       [
        -65.235518,
        -26.856055
       ],
       [
        -65.240085,
        -26.855224
       ],
       [
        -65.24041,
        -26.856646
       ]
      ]
     ]
    ]
   }
  },
  {
   "type": "Feature",
   "properties": {
    "nombre": "TELEFONICO",
    "revisar": false
   },
   "geometry": {
    "type": "MultiPolygon",
    "coordinates": [
     [
      [
       [
        -65.174307,
        -26.793136
       ],
       [
        -65.174402,
        -26.793011
       ],
       [
        -65.175097,
        -26.791994
       ],
       [
        -65.176567,
        -26.794364
       ],
       [
        -65.176623,
        -26.794577
       ],
       [
        -65.175682,
        -26.794786
       ],
       [
        -65.175255,
        -26.793671
       ],
       [
        -65.174649,
        -26.793829
       ],
       [
        -65.174307,
        -26.793136
       ]
      ]
     ]
    ]
   }
  },
  {
   "type": "Feature",
   "properties": {
    "nombre": "TELEFONICOS III",
    "revisar": false
   },
   "geometry": {
    "type": "MultiPolygon",
    "coordinates": [
     [
      [
       [
        -65.248981,
        -26.797002
       ],
       [
        -65.249125,
        -26.797655
       ],
       [
        -65.246442,
        -26.798105
       ],
       [
        -65.24556,
        -26.798243
       ],
       [
        -65.245208,
        -26.796667
       ],
       [
        -65.246689,
        -26.796419
       ],
       [
        -65.246615,
        -26.796067
       ],
       [
        -65.249363,
        -26.795593
       ],
       [
        -65.24944,
        -26.795947
       ],
       [
        -65.24965,
        -26.796951
       ],
       [
        -65.248981,
        -26.797002
       ]
      ]
     ]
    ]
   }
  },
  {
   "type": "Feature",
   "properties": {
    "nombre": "TIRO FEDERAL",
    "revisar": false
   },
   "geometry": {
    "type": "MultiPolygon",
    "coordinates": [
     [
      [
       [
        -65.182273,
        -26.841214
       ],
       [
        -65.182486,
        -26.842038
       ],
       [
        -65.182664,
        -26.842727
       ],
       [
        -65.182811,
        -26.843298
       ],
       [
        -65.182978,
        -26.843945
       ],
       [
        -65.18311,
        -26.844457
       ],
       [
        -65.183427,
        -26.845687
       ],
       [
        -65.182175,
        -26.846087
       ],
       [
        -65.181306,
        -26.846365
       ],
       [
        -65.180055,
        -26.844469
       ],
       [
        -65.179648,
        -26.84384
       ],
       [
        -65.179317,
        -26.843218
       ],
       [
        -65.178986,
        -26.842594
       ],
       [
        -65.178657,
        -26.841976
       ],
       [
        -65.179656,
        -26.841751
       ],
       [
        -65.182273,
        -26.841214
       ]
      ]
     ]
    ]
   }
  },
  {
   "type": "Feature",
   "properties": {
    "nombre": "TOLEDO",
    "revisar": false
   },
   "geometry": {
    "type": "MultiPolygon",
    "coordinates": [
     [
      [
       [
        -65.20334,
        -26.856989
       ],
       [
        -65.20334,
        -26.856989
       ],
       [
        -65.204237,
        -26.858369
       ],
       [
        -65.204888,
        -26.859372
       ],
       [
        -65.204668,
        -26.859478
       ],
       [
        -65.204622,
        -26.859573
       ],
       [
        -65.202955,
        -26.85999
       ],
       [
        -65.201429,
        -26.860346
       ],
       [
        -65.201122,
        -26.85904
       ],
       [
        -65.201091,
        -26.858909
       ],
       [
        -65.201144,
        -26.858897
       ],
       [
        -65.201442,
        -26.858827
       ],
       [
        -65.202123,
        -26.858668
       ],
       [
        -65.202775,
        -26.858516
       ],
       [
        -65.202584,
        -26.85787
       ],
       [
        -65.202499,
        -26.857584
       ],
       [
        -65.202353,
        -26.857087
       ],
       [
        -65.203012,
        -26.856955
       ],
       [
        -65.203108,
        -26.857087
       ],
       [
        -65.20334,
        -26.856989
       ]
      ]
     ]
    ]
   }
  },
  {
   "type": "Feature",
   "properties": {
    "nombre": "TORRES 25 DE MAYO",
    "revisar": false
   },
   "geometry": {
    "type": "MultiPolygon",
    "coordinates": [
     [
      [
       [
        -65.203272,
        -26.818255
       ],
       [
        -65.203283,
        -26.818308
       ],
       [
        -65.203294,
        -26.818356
       ],
       [
        -65.201844,
        -26.818641
       ],
       [
        -65.201784,
        -26.818652
       ],
       [
        -65.201448,
        -26.817141
       ],
       [
        -65.202965,
        -26.816868
       ],
       [
        -65.203272,
        -26.818255
       ]
      ]
     ]
    ]
   }
  },
  {
   "type": "Feature",
   "properties": {
    "nombre": "TORRES CASINO",
    "revisar": false
   },
   "geometry": {
    "type": "MultiPolygon",
    "coordinates": [
     [
      [
       [
        -65.244263,
        -26.818737
       ],
       [
        -65.244341,
        -26.819073
       ],
       [
        -65.243295,
        -26.81929
       ],
       [
        -65.242741,
        -26.817384
       ],
       [
        -65.243401,
        -26.817251
       ],
       [
        -65.24418,
        -26.818589
       ],
       [
        -65.244263,
        -26.818737
       ]
      ]
     ]
    ]
   }
  },
  {
   "type": "Feature",
   "properties": {
    "nombre": "VIAL",
    "revisar": false
   },
   "geometry": {
    "type": "MultiPolygon",
    "coordinates": [
     [
      [
       [
        -65.218095,
        -26.794448
       ],
       [
        -65.214968,
        -26.795071
       ],
       [
        -65.214349,
        -26.792892
       ],
       [
        -65.215469,
        -26.79268
       ],
       [
        -65.215519,
        -26.792919
       ],
       [
        -65.217505,
        -26.792498
       ],
       [
        -65.218095,
        -26.794448
       ]
      ]
     ],
     [
      [
       [
        -65.248402,
        -26.792845
       ],
       [
        -65.249336,
        -26.793569
       ],
       [
        -65.24901,
        -26.793869
       ],
       [
        -65.247709,
        -26.794092
       ],
       [
        -65.247573,
        -26.794116
       ],
       [
        -65.244754,
        -26.794604
       ],
       [
        -65.244514,
        -26.793497
       ],
       [
        -65.246052,
        -26.793274
       ],
       [
        -65.248402,
        -26.792845
       ]
      ]
     ]
    ]
   }
  },
  {
   "type": "Feature",
   "properties": {
    "nombre": "VIAL III-ASOCIACION MUTUAL DE VIALIDAD",
    "revisar": false
   },
   "geometry": {
    "type": "MultiPolygon",
    "coordinates": [
     [
      [
       [
        -65.258668,
        -26.852993
       ],
       [
        -65.25888,
        -26.853823
       ],
       [
        -65.259078,
        -26.854706
       ],
       [
        -65.259168,
        -26.855079
       ],
       [
        -65.257206,
        -26.855555
       ],
       [
        -65.256774,
        -26.853779
       ],
       [
        -65.256808,
        -26.853441
       ],
       [
        -65.258668,
        -26.852993
       ]
      ]
     ]
    ]
   }
  },
  {
   "type": "Feature",
   "properties": {
    "nombre": "VIALIDAD",
    "revisar": false
   },
   "geometry": {
    "type": "MultiPolygon",
    "coordinates": [
     [
      [
       [
        -65.192771,
        -26.856347
       ],
       [
        -65.192848,
        -26.856648
       ],
       [
        -65.193296,
        -26.8584
       ],
       [
        -65.193479,
        -26.858356
       ],
       [
        -65.194295,
        -26.860518
       ],
       [
        -65.193022,
        -26.860845
       ],
       [
        -65.19255,
        -26.860264
       ],
       [
        -65.19245,
        -26.859795
       ],
       [
        -65.19259,
        -26.859154
       ],
       [
        -65.192606,
        -26.858875
       ],
       [
        -65.192589,
        -26.858584
       ],
       [
        -65.192309,
        -26.857437
       ],
       [
        -65.192318,
        -26.857055
       ],
       [
        -65.192437,
        -26.856686
       ],
       [
        -65.192771,
        -26.856347
       ]
      ]
     ]
    ]
   }
  },
  {
   "type": "Feature",
   "properties": {
    "nombre": "VIAMONTE",
    "revisar": false
   },
   "geometry": {
    "type": "MultiPolygon",
    "coordinates": [
     [
      [
       [
        -65.239461,
        -26.798782
       ],
       [
        -65.239546,
        -26.799209
       ],
       [
        -65.238412,
        -26.799409
       ],
       [
        -65.237154,
        -26.799631
       ],
       [
        -65.235545,
        -26.799914
       ],
       [
        -65.235105,
        -26.797783
       ],
       [
        -65.234623,
        -26.795782
       ],
       [
        -65.239225,
        -26.795001
       ],
       [
        -65.239692,
        -26.796966
       ],
       [
        -65.239109,
        -26.797077
       ],
       [
        -65.239461,
        -26.798782
       ]
      ]
     ]
    ]
   }
  },
  {
   "type": "Feature",
   "properties": {
    "nombre": "VICENTE ALMARAZ DIAZ",
    "revisar": false
   },
   "geometry": {
    "type": "MultiPolygon",
    "coordinates": [
     [
      [
       [
        -65.171991,
        -26.8143
       ],
       [
        -65.171991,
        -26.8143
       ],
       [
        -65.171991,
        -26.8143
       ],
       [
        -65.1718,
        -26.813304
       ],
       [
        -65.1718,
        -26.813304
       ],
       [
        -65.1718,
        -26.813304
       ],
       [
        -65.176937,
        -26.812358
       ],
       [
        -65.17689,
        -26.812825
       ],
       [
        -65.181576,
        -26.811999
       ],
       [
        -65.181737,
        -26.812621
       ],
       [
        -65.180185,
        -26.812909
       ],
       [
        -65.17898,
        -26.813133
       ],
       [
        -65.177183,
        -26.813463
       ],
       [
        -65.171991,
        -26.8143
       ],
       [
        -65.171991,
        -26.8143
       ]
      ]
     ]
    ]
   }
  },
  {
   "type": "Feature",
   "properties": {
    "nombre": "VICTORIA",
    "revisar": false
   },
   "geometry": {
    "type": "MultiPolygon",
    "coordinates": [
     [
      [
       [
        -65.226924,
        -26.845073
       ],
       [
        -65.227344,
        -26.844994
       ],
       [
        -65.235773,
        -26.843416
       ],
       [
        -65.236757,
        -26.843198
       ],
       [
        -65.237087,
        -26.843584
       ],
       [
        -65.237506,
        -26.844379
       ],
       [
        -65.237748,
        -26.844839
       ],
       [
        -65.237811,
        -26.845067
       ],
       [
        -65.236253,
        -26.84539
       ],
       [
        -65.235707,
        -26.84551
       ],
       [
        -65.235827,
        -26.846159
       ],
       [
        -65.237992,
        -26.845718
       ],
       [
        -65.238296,
        -26.846811
       ],
       [
        -65.23855,
        -26.848012
       ],
       [
        -65.236886,
        -26.848359
       ],
       [
        -65.23666,
        -26.847518
       ],
       [
        -65.233573,
        -26.848154
       ],
       [
        -65.233901,
        -26.849506
       ],
       [
        -65.235309,
        -26.849177
       ],
       [
        -65.235471,
        -26.849658
       ],
       [
        -65.2372,
        -26.849296
       ],
       [
        -65.23736,
        -26.849945
       ],
       [
        -65.23776,
        -26.851566
       ],
       [
        -65.236058,
        -26.851845
       ],
       [
        -65.235748,
        -26.850572
       ],
       [
        -65.234294,
        -26.850846
       ],
       [
        -65.232542,
        -26.85117
       ],
       [
        -65.228822,
        -26.851865
       ],
       [
        -65.224367,
        -26.852696
       ],
       [
        -65.22372,
        -26.849999
       ],
       [
        -65.222747,
        -26.84594
       ],
       [
        -65.226924,
        -26.845073
       ]
      ]
     ]
    ]
   }
  },
  {
   "type": "Feature",
   "properties": {
    "nombre": "VILLA 9 DE JULIO",
    "revisar": false
   },
   "geometry": {
    "type": "MultiPolygon",
    "coordinates": [
     [
      [
       [
        -65.203294,
        -26.818356
       ],
       [
        -65.202965,
        -26.816868
       ],
       [
        -65.201448,
        -26.817141
       ],
       [
        -65.201784,
        -26.818652
       ],
       [
        -65.200236,
        -26.818951
       ],
       [
        -65.194137,
        -26.820119
       ],
       [
        -65.191685,
        -26.820468
       ],
       [
        -65.190269,
        -26.820689
       ],
       [
        -65.186713,
        -26.821244
       ],
       [
        -65.180851,
        -26.822314
       ],
       [
        -65.180599,
        -26.820857
       ],
       [
        -65.180599,
        -26.820857
       ],
       [
        -65.180599,
        -26.820857
       ],
       [
        -65.180599,
        -26.820857
       ],
       [
        -65.184933,
        -26.820091
       ],
       [
        -65.186383,
        -26.819814
       ],
       [
        -65.185869,
        -26.817159
       ],
       [
        -65.185528,
        -26.815781
       ],
       [
        -65.184607,
        -26.812058
       ],
       [
        -65.186846,
        -26.811664
       ],
       [
        -65.186426,
        -26.811028
       ],
       [
        -65.18664,
        -26.810992
       ],
       [
        -65.191728,
        -26.810114
       ],
       [
        -65.190934,
        -26.806597
       ],
       [
        -65.189916,
        -26.802342
       ],
       [
        -65.18955,
        -26.80082
       ],
       [
        -65.189239,
        -26.799546
       ],
       [
        -65.188475,
        -26.796411
       ],
       [
        -65.191792,
        -26.795771
       ],
       [
        -65.19327,
        -26.795486
       ],
       [
        -65.194536,
        -26.795242
       ],
       [
        -65.195686,
        -26.79502
       ],
       [
        -65.20041,
        -26.794083
       ],
       [
        -65.20572,
        -26.792999
       ],
       [
        -65.204495,
        -26.796214
       ],
       [
        -65.20341,
        -26.80005
       ],
       [
        -65.20332,
        -26.800641
       ],
       [
        -65.20446,
        -26.805101
       ],
       [
        -65.204473,
        -26.805152
       ],
       [
        -65.205634,
        -26.80964
       ],
       [
        -65.205969,
        -26.810606
       ],
       [
        -65.206503,
        -26.812148
       ],
       [
        -65.20711,
        -26.814677
       ],
       [
        -65.207785,
        -26.817496
       ],
       [
        -65.203294,
        -26.818356
       ]
      ]
     ]
    ]
   }
  },
  {
   "type": "Feature",
   "properties": {
    "nombre": "VILLA ALEM",
    "revisar": false
   },
   "geometry": {
    "type": "MultiPolygon",
    "coordinates": [
     [
      [
       [
        -65.219463,
        -26.853725
       ],
       [
        -65.217093,
        -26.854182
       ],
       [
        -65.219463,
        -26.853725
       ],
       [
        -65.217093,
        -26.854182
       ],
       [
        -65.216667,
        -26.852867
       ],
       [
        -65.215783,
        -26.850137
       ],
       [
        -65.201558,
        -26.853528
       ],
       [
        -65.199561,
        -26.845252
       ],
       [
        -65.200649,
        -26.845004
       ],
       [
        -65.200577,
        -26.844583
       ],
       [
        -65.206577,
        -26.843422
       ],
       [
        -65.218594,
        -26.841034
       ],
       [
        -65.219901,
        -26.846486
       ],
       [
        -65.2203,
        -26.847799
       ],
       [
        -65.218277,
        -26.848215
       ],
       [
        -65.217205,
        -26.848435
       ],
       [
        -65.217562,
        -26.84985
       ],
       [
        -65.218686,
        -26.849595
       ],
       [
        -65.220598,
        -26.849161
       ],
       [
        -65.220939,
        -26.850538
       ],
       [
        -65.218285,
        -26.851076
       ],
       [
        -65.21896,
        -26.852305
       ],
       [
        -65.219286,
        -26.853073
       ],
       [
        -65.219463,
        -26.853725
       ]
      ]
     ]
    ]
   }
  },
  {
   "type": "Feature",
   "properties": {
    "nombre": "VILLA AMALIA",
    "revisar": false
   },
   "geometry": {
    "type": "MultiPolygon",
    "coordinates": [
     [
      [
       [
        -65.213939,
        -26.857559
       ],
       [
        -65.213939,
        -26.857559
       ],
       [
        -65.213939,
        -26.857559
       ],
       [
        -65.214335,
        -26.857489
       ],
       [
        -65.217909,
        -26.856695
       ],
       [
        -65.218229,
        -26.857494
       ],
       [
        -65.218267,
        -26.857588
       ],
       [
        -65.218486,
        -26.857538
       ],
       [
        -65.219718,
        -26.857277
       ],
       [
        -65.222431,
        -26.856808
       ],
       [
        -65.222597,
        -26.857119
       ],
       [
        -65.222743,
        -26.857537
       ],
       [
        -65.222033,
        -26.857612
       ],
       [
        -65.221487,
        -26.857819
       ],
       [
        -65.221128,
        -26.857956
       ],
       [
        -65.219964,
        -26.858449
       ],
       [
        -65.218837,
        -26.859117
       ],
       [
        -65.218436,
        -26.859238
       ],
       [
        -65.217673,
        -26.859469
       ],
       [
        -65.217235,
        -26.859602
       ],
       [
        -65.21713,
        -26.859217
       ],
       [
        -65.216626,
        -26.859281
       ],
       [
        -65.216386,
        -26.859283
       ],
       [
        -65.216386,
        -26.859283
       ],
       [
        -65.216052,
        -26.859286
       ],
       [
        -65.215605,
        -26.859179
       ],
       [
        -65.215266,
        -26.858936
       ],
       [
        -65.214836,
        -26.85903
       ],
       [
        -65.214705,
        -26.858524
       ],
       [
        -65.214174,
        -26.858651
       ],
       [
        -65.213789,
        -26.858744
       ],
       [
        -65.213745,
        -26.858538
       ],
       [
        -65.213689,
        -26.858294
       ],
       [
        -65.213673,
        -26.858207
       ],
       [
        -65.213663,
        -26.858164
       ],
       [
        -65.213611,
        -26.857922
       ],
       [
        -65.212803,
        -26.85804
       ],
       [
        -65.21287,
        -26.858398
       ],
       [
        -65.212928,
        -26.8587
       ],
       [
        -65.21297,
        -26.858922
       ],
       [
        -65.212192,
        -26.859095
       ],
       [
        -65.212215,
        -26.859234
       ],
       [
        -65.212261,
        -26.859525
       ],
       [
        -65.21187,
        -26.859627
       ],
       [
        -65.211548,
        -26.859711
       ],
       [
        -65.211723,
        -26.860542
       ],
       [
        -65.212042,
        -26.861867
       ],
       [
        -65.207094,
        -26.862838
       ],
       [
        -65.206354,
        -26.861623
       ],
       [
        -65.205735,
        -26.860673
       ],
       [
        -65.204888,
        -26.859372
       ],
       [
        -65.202603,
        -26.855852
       ],
       [
        -65.204382,
        -26.855472
       ],
       [
        -65.205678,
        -26.855191
       ],
       [
        -65.207175,
        -26.855065
       ],
       [
        -65.210308,
        -26.854284
       ],
       [
        -65.213526,
        -26.853581
       ],
       [
        -65.216667,
        -26.852867
       ],
       [
        -65.217093,
        -26.854182
       ],
       [
        -65.213743,
        -26.854877
       ],
       [
        -65.210611,
        -26.855586
       ],
       [
        -65.211168,
        -26.858044
       ],
       [
        -65.213939,
        -26.857559
       ]
      ]
     ]
    ]
   }
  },
  {
   "type": "Feature",
   "properties": {
    "nombre": "VILLA ANGELINA",
    "revisar": false
   },
   "geometry": {
    "type": "MultiPolygon",
    "coordinates": [
     [
      [
       [
        -65.212759,
        -26.871257
       ],
       [
        -65.220452,
        -26.869814
       ],
       [
        -65.221653,
        -26.869589
       ],
       [
        -65.222149,
        -26.871268
       ],
       [
        -65.222535,
        -26.872123
       ],
       [
        -65.220908,
        -26.872429
       ],
       [
        -65.220909,
        -26.872426
       ],
       [
        -65.214507,
        -26.873643
       ],
       [
        -65.214282,
        -26.873556
       ],
       [
        -65.212759,
        -26.871257
       ]
      ]
     ]
    ]
   }
  },
  {
   "type": "Feature",
   "properties": {
    "nombre": "VILLA CABILDO",
    "revisar": false
   },
   "geometry": {
    "type": "MultiPolygon",
    "coordinates": [
     [
      [
       [
        -65.269987,
        -26.834817
       ],
       [
        -65.269846,
        -26.834805
       ],
       [
        -65.269705,
        -26.834819
       ],
       [
        -65.269646,
        -26.834801
       ],
       [
        -65.269774,
        -26.834263
       ],
       [
        -65.269698,
        -26.833898
       ],
       [
        -65.2698,
        -26.833854
       ],
       [
        -65.269605,
        -26.833177
       ],
       [
        -65.26939,
        -26.83254
       ],
       [
        -65.26924,
        -26.832018
       ],
       [
        -65.269025,
        -26.83128
       ],
       [
        -65.268857,
        -26.830713
       ],
       [
        -65.269432,
        -26.830576
       ],
       [
        -65.269451,
        -26.830669
       ],
       [
        -65.269449,
        -26.831186
       ],
       [
        -65.269571,
        -26.83139
       ],
       [
        -65.269776,
        -26.831594
       ],
       [
        -65.26994,
        -26.831937
       ],
       [
        -65.270166,
        -26.832086
       ],
       [
        -65.27064,
        -26.832144
       ],
       [
        -65.270928,
        -26.832238
       ],
       [
        -65.271049,
        -26.832738
       ],
       [
        -65.271026,
        -26.833089
       ],
       [
        -65.270859,
        -26.833384
       ],
       [
        -65.270877,
        -26.833736
       ],
       [
        -65.270877,
        -26.833736
       ],
       [
        -65.270877,
        -26.833736
       ],
       [
        -65.270869,
        -26.833841
       ],
       [
        -65.270855,
        -26.834013
       ],
       [
        -65.270521,
        -26.834584
       ],
       [
        -65.270437,
        -26.834824
       ],
       [
        -65.270229,
        -26.834811
       ],
       [
        -65.269987,
        -26.834817
       ]
      ]
     ]
    ]
   }
  },
  {
   "type": "Feature",
   "properties": {
    "nombre": "VILLA LUJAN",
    "revisar": false
   },
   "geometry": {
    "type": "MultiPolygon",
    "coordinates": [
     [
      [
       [
        -65.231994,
        -26.824206
       ],
       [
        -65.231982,
        -26.824155
       ],
       [
        -65.231781,
        -26.823268
       ],
       [
        -65.23177,
        -26.823183
       ],
       [
        -65.23162,
        -26.822072
       ],
       [
        -65.23135,
        -26.820693
       ],
       [
        -65.230822,
        -26.818243
       ],
       [
        -65.230494,
        -26.816993
       ],
       [
        -65.22979,
        -26.814549
       ],
       [
        -65.229202,
        -26.813355
       ],
       [
        -65.238256,
        -26.811517
       ],
       [
        -65.238562,
        -26.812723
       ],
       [
        -65.23949,
        -26.816623
       ],
       [
        -65.239295,
        -26.816732
       ],
       [
        -65.239564,
        -26.818023
       ],
       [
        -65.239778,
        -26.81798
       ],
       [
        -65.240361,
        -26.820198
       ],
       [
        -65.241166,
        -26.823129
       ],
       [
        -65.232447,
        -26.825048
       ],
       [
        -65.23215,
        -26.825113
       ],
       [
        -65.23215,
        -26.825113
       ],
       [
        -65.231994,
        -26.824206
       ]
      ]
     ]
    ]
   }
  },
  {
   "type": "Feature",
   "properties": {
    "nombre": "VILLA MARISA",
    "revisar": false
   },
   "geometry": {
    "type": "MultiPolygon",
    "coordinates": [
     [
      [
       [
        -65.213431,
        -26.867951
       ],
       [
        -65.214176,
        -26.870989
       ],
       [
        -65.21281,
        -26.871191
       ],
       [
        -65.210944,
        -26.868355
       ],
       [
        -65.213431,
        -26.867951
       ]
      ]
     ]
    ]
   }
  },
  {
   "type": "Feature",
   "properties": {
    "nombre": "VILLA MARTIN BERHO",
    "revisar": false
   },
   "geometry": {
    "type": "MultiPolygon",
    "coordinates": [
     [
      [
       [
        -65.191613,
        -26.809633
       ],
       [
        -65.191725,
        -26.810093
       ],
       [
        -65.188769,
        -26.810624
       ],
       [
        -65.187377,
        -26.810864
       ],
       [
        -65.18664,
        -26.810992
       ],
       [
        -65.186426,
        -26.811028
       ],
       [
        -65.181576,
        -26.811999
       ],
       [
        -65.1796,
        -26.812347
       ],
       [
        -65.17689,
        -26.812825
       ],
       [
        -65.176937,
        -26.812358
       ],
       [
        -65.178885,
        -26.811948
       ],
       [
        -65.18057,
        -26.811623
       ],
       [
        -65.18154,
        -26.811435
       ],
       [
        -65.182359,
        -26.811276
       ],
       [
        -65.186099,
        -26.810536
       ],
       [
        -65.186151,
        -26.81061
       ],
       [
        -65.187249,
        -26.810413
       ],
       [
        -65.188,
        -26.810279
       ],
       [
        -65.191613,
        -26.809633
       ]
      ]
     ]
    ]
   }
  },
  {
   "type": "Feature",
   "properties": {
    "nombre": "VILLA MUÑECAS (ESTACION MUÑECAS - LAS PALMERAS)",
    "revisar": false
   },
   "geometry": {
    "type": "MultiPolygon",
    "coordinates": [
     [
      [
       [
        -65.24915,
        -26.783769
       ],
       [
        -65.249864,
        -26.784657
       ],
       [
        -65.244965,
        -26.785879
       ],
       [
        -65.244208,
        -26.786454
       ],
       [
        -65.243076,
        -26.78677
       ],
       [
        -65.243542,
        -26.788953
       ],
       [
        -65.242664,
        -26.788253
       ],
       [
        -65.242139,
        -26.787394
       ],
       [
        -65.241868,
        -26.787201
       ],
       [
        -65.240929,
        -26.787683
       ],
       [
        -65.24152,
        -26.791309
       ],
       [
        -65.235433,
        -26.792454
       ],
       [
        -65.235756,
        -26.793768
       ],
       [
        -65.234273,
        -26.79408
       ],
       [
        -65.23363,
        -26.791391
       ],
       [
        -65.233345,
        -26.790176
       ],
       [
        -65.23317,
        -26.78944
       ],
       [
        -65.233004,
        -26.788872
       ],
       [
        -65.232883,
        -26.788465
       ],
       [
        -65.23269,
        -26.78782
       ],
       [
        -65.232696,
        -26.78737
       ],
       [
        -65.235819,
        -26.786522
       ],
       [
        -65.240312,
        -26.785926
       ],
       [
        -65.24154,
        -26.785617
       ],
       [
        -65.24915,
        -26.783769
       ]
      ]
     ]
    ]
   }
  },
  {
   "type": "Feature",
   "properties": {
    "nombre": "VILLA SAN JORGE",
    "revisar": false
   },
   "geometry": {
    "type": "MultiPolygon",
    "coordinates": [
     [
      [
       [
        -65.182248,
        -26.798926
       ],
       [
        -65.180597,
        -26.799244
       ],
       [
        -65.179968,
        -26.79937
       ],
       [
        -65.179753,
        -26.799407
       ],
       [
        -65.179449,
        -26.798111
       ],
       [
        -65.17922,
        -26.797138
       ],
       [
        -65.179668,
        -26.797048
       ],
       [
        -65.179591,
        -26.796705
       ],
       [
        -65.181619,
        -26.79628
       ],
       [
        -65.182248,
        -26.798926
       ]
      ]
     ]
    ]
   }
  },
  {
   "type": "Feature",
   "properties": {
    "nombre": "VILLA SAN SALVADOR",
    "revisar": false
   },
   "geometry": {
    "type": "MultiPolygon",
    "coordinates": [
     [
      [
       [
        -65.201658,
        -26.860959
       ],
       [
        -65.201429,
        -26.860346
       ],
       [
        -65.202955,
        -26.85999
       ],
       [
        -65.204622,
        -26.859573
       ],
       [
        -65.204668,
        -26.859478
       ],
       [
        -65.204888,
        -26.859372
       ],
       [
        -65.206039,
        -26.861139
       ],
       [
        -65.206354,
        -26.861623
       ],
       [
        -65.207094,
        -26.862838
       ],
       [
        -65.210832,
        -26.868318
       ],
       [
        -65.20489,
        -26.869407
       ],
       [
        -65.204497,
        -26.868425
       ],
       [
        -65.201658,
        -26.860959
       ]
      ]
     ]
    ]
   }
  },
  {
   "type": "Feature",
   "properties": {
    "nombre": "VILLA TUQUITO",
    "revisar": false
   },
   "geometry": {
    "type": "MultiPolygon",
    "coordinates": [
     [
      [
       [
        -65.256521,
        -26.834838
       ],
       [
        -65.257202,
        -26.836369
       ],
       [
        -65.25556,
        -26.838081
       ],
       [
        -65.254879,
        -26.835544
       ],
       [
        -65.255508,
        -26.8352
       ],
       [
        -65.256521,
        -26.834838
       ]
      ]
     ]
    ]
   }
  },
  {
   "type": "Feature",
   "properties": {
    "nombre": "VILLA URQUIZA",
    "revisar": false
   },
   "geometry": {
    "type": "MultiPolygon",
    "coordinates": [
     [
      [
       [
        -65.211897,
        -26.80108
       ],
       [
        -65.212525,
        -26.803757
       ],
       [
        -65.213059,
        -26.805859
       ],
       [
        -65.21316,
        -26.806256
       ],
       [
        -65.213196,
        -26.806575
       ],
       [
        -65.214729,
        -26.813102
       ],
       [
        -65.211361,
        -26.81382
       ],
       [
        -65.212151,
        -26.816643
       ],
       [
        -65.207785,
        -26.817496
       ],
       [
        -65.20711,
        -26.814677
       ],
       [
        -65.206503,
        -26.812148
       ],
       [
        -65.205634,
        -26.80964
       ],
       [
        -65.20446,
        -26.805101
       ],
       [
        -65.20332,
        -26.800641
       ],
       [
        -65.20341,
        -26.80005
       ],
       [
        -65.204495,
        -26.796214
       ],
       [
        -65.20572,
        -26.792999
       ],
       [
        -65.210303,
        -26.792144
       ],
       [
        -65.210908,
        -26.79492
       ],
       [
        -65.210601,
        -26.795557
       ],
       [
        -65.211222,
        -26.798205
       ],
       [
        -65.211897,
        -26.80108
       ]
      ]
     ]
    ]
   }
  },
  {
   "type": "Feature",
   "properties": {
    "nombre": "VILUCO (LAS BRISAS)",
    "revisar": false
   },
   "geometry": {
    "type": "MultiPolygon",
    "coordinates": [
     [
      [
       [
        -65.170123,
        -26.820635
       ],
       [
        -65.169237,
        -26.818407
       ],
       [
        -65.171479,
        -26.818011
       ],
       [
        -65.171863,
        -26.819568
       ],
       [
        -65.17177,
        -26.820455
       ],
       [
        -65.171918,
        -26.821321
       ],
       [
        -65.171019,
        -26.82289
       ],
       [
        -65.170123,
        -26.820635
       ]
      ]
     ]
    ]
   }
  },
  {
   "type": "Feature",
   "properties": {
    "nombre": "Y.P.F.",
    "revisar": false
   },
   "geometry": {
    "type": "MultiPolygon",
    "coordinates": [
     [
      [
       [
        -65.247219,
        -26.842239
       ],
       [
        -65.24691,
        -26.842301
       ],
       [
        -65.246418,
        -26.842399
       ],
       [
        -65.245381,
        -26.842606
       ],
       [
        -65.24529,
        -26.842206
       ],
       [
        -65.247121,
        -26.841849
       ],
       [
        -65.247219,
        -26.842239
       ]
      ]
     ]
    ]
   }
  },
  {
   "type": "Feature",
   "properties": {
    "nombre": "ZENON SANTILLAN",
    "revisar": false
   },
   "geometry": {
    "type": "MultiPolygon",
    "coordinates": [
     [
      [
       [
        -65.238412,
        -26.799409
       ],
       [
        -65.240048,
        -26.799129
       ],
       [
        -65.240137,
        -26.799114
       ],
       [
        -65.240803,
        -26.803236
       ],
       [
        -65.241652,
        -26.808089
       ],
       [
        -65.239773,
        -26.808373
       ],
       [
        -65.237551,
        -26.80879
       ],
       [
        -65.236314,
        -26.803456
       ],
       [
        -65.235977,
        -26.801977
       ],
       [
        -65.235723,
        -26.800667
       ],
       [
        -65.235545,
        -26.799914
       ],
       [
        -65.237154,
        -26.799631
       ],
       [
        -65.238412,
        -26.799409
       ]
      ]
     ]
    ]
   }
  }
 ]
}
